node,card,book,year
absurdist-constructed-realities,Corey Fah Does Social Mobility,Corey Fah Does Social Mobility,2023
absurdist-constructed-realities,The Book of Records,The Book of Records,2025
absurdist-constructed-realities,The Castle,The Castle,1926
absurdist-constructed-realities,The Dead Father,The Dead Father,1975
absurdist-constructed-realities,The Malacia Tapestry,The Malacia Tapestry,1976
absurdist-constructed-realities,The Sinful Ones,The Sinful Ones,1950
absurdist-constructed-realities,The Thing in the Snow,The Thing in the Snow,2023
absurdist-constructed-realities,The Unpleasant Profession of Jonathan Hoag,The Unpleasant Profession of Jonathan Hoag,1942
absurdist-constructed-realities,When We Were Real,When We Were Real,2025
academy-insurgents,Pact and Pattern,The Garden of Empire,
academy-insurgents,Pact and Pattern,The Hand of the Sun King,
academy-insurgents,Pact and Pattern,The Pattern of the World,
academy-insurgents,To Shape a Dragon's Breath,To Ride a Rising Storm,2026
academy-insurgents,To Shape a Dragon's Breath,To Shape a Dragon's Breath,2023
age-of-sail-alterations,Cahokia Jazz,Cahokia Jazz,2023
age-of-sail-alterations,Pavane,Pavane,1968
age-of-sail-alterations,The Alteration,The Alteration,1976
ai,Artificial Truth,Artificial Truth,2025
ai,Dual Memory,Dual Memory,2023
ai,Michaelmas,Michaelmas,1977
ai,Playground,Playground,2024
ai,Recursion,Capacity,2005
ai,Recursion,Recursion,2004
ai,River of Gods,River of Gods,2004
ai,The Outside,The Outside,2019
ai,Where the Axe Is Buried,Where the Axe Is Buried,2025
algorithmic-surveillance-dystopias,The Dream Hotel,The Dream Hotel,2025
algorithmic-surveillance-dystopias,The Wikkeling,The Wikkeling,2011
alien-arrival,Agent to the Stars,Agent to the Stars,2005
alien-arrival,Childhood's End,Childhood's End,1953
alien-arrival,Esperance,Esperance,2025
alien-arrival,Hole in the Sky,Hole in the Sky,2025
alien-arrival,Homegoing,Homegoing,1989
alien-arrival,The Spaceship Next Door,The Spaceship Next Door,2017
alien-arrival,To Walk the Night,To Walk the Night,1937
alien-arrival,Way Station,Way Station,1963
alien-arrival,Yesterday's Kin,If Tomorrow Comes,2018
alien-arrival,Yesterday's Kin,Terran Tomorrow,2018
alien-arrival,Yesterday's Kin,Tomorrow's Kin,2017
alien-conquest-fiction,Footfall,Footfall,1985
alien-conquest-fiction,Ninth City Burning,Ninth City Burning,2016
alien-conquest-fiction,Pandora's Legions,Pandora's Legions,2002
alien-conquest-fiction,The Aleutian Trilogy,North Wind,1994
alien-conquest-fiction,The Aleutian Trilogy,Phoenix Café,1997
alien-conquest-fiction,The Aleutian Trilogy,White Queen,1991
alien-conquest-fiction,The Domain Series,Domain,2001
alien-conquest-fiction,The Domain Series,Phobos: Mayan Fear,2011
alien-conquest-fiction,The Domain Series,Resurrection,2004
alien-conquest-fiction,The Hidden War,The Hidden War,1994
alien-conquest-fiction,The Massacre of Mankind,The Massacre of Mankind,2017
alien-conquest-fiction,The War of the Worlds,The War of the Worlds,1898
alien-cosmic-history,Children of Time,Children of Memory,2022
alien-cosmic-history,Children of Time,Children of Ruin,2019
alien-cosmic-history,Children of Time,Children of Strife,2026
alien-cosmic-history,Children of Time,Children of Time,2015
alien-cosmic-history,Star Maker,Star Maker,1937
alien-cosmic-history,The World at the End of Time,The World at the End of Time,1990
alien-cosmic-history,The Xeelee Sequence,Coalescent,2003
alien-cosmic-history,The Xeelee Sequence,Exultant,2004
alien-cosmic-history,The Xeelee Sequence,Raft,1991
alien-cosmic-history,The Xeelee Sequence,Ring,1994
alien-cosmic-history,The Xeelee Sequence,Transcendent,2005
alien-cosmic-history,The Xeelee Sequence,Xeelee: Redemption,2018
alien-cosmic-history,The Xeelee Sequence,Xeelee: Vengeance,2017
alien-descent,The Luminous Dead,The Luminous Dead,2019
alien-dominions,Cottohazz,Chain of Command,2017
alien-dominions,Cottohazz,Come the Revolution,2015
alien-dominions,Cottohazz,How Dark the World Becomes,2013
alien-dominions,Cottohazz,Ship of Destiny,2020
alien-dominions,Exo,Cross Fire,2018
alien-dominions,Exo,Exo,2017
alien-dominions,Jao Empire,The Course of Empire,2003
alien-dominions,Jao Empire,The Crucible of Empire,2010
alien-dominions,Jao Empire,The Span of Empire,2016
alien-dominions,The Lesson,The Lesson,2019
alien-dominions,The Mercy of Gods,The Mercy of Gods,2024
alien-expedition,A Case of Conscience,A Case of Conscience,1958
alien-expedition,Binti,Binti,2015
alien-expedition,Binti,Binti: Home,2017
alien-expedition,Binti,Binti: The Night Masquerade,2018
alien-expedition,Lady Hanna,Battleground,2013
alien-expedition,Lady Hanna,The D'neeran Factor,2013
alien-expedition,Semiosis,Interference,2019
alien-expedition,Semiosis,Semiosis,2018
alien-expedition,Shroud,Shroud,2025
alien-expedition,Tales of the Three Kings,Kaspar's Box,2003
alien-expedition,The Sparrow,Children of God,1998
alien-expedition,The Sparrow,The Sparrow,1996
alien-horror,Cold Eternity,Cold Eternity,2025
alien-horror,Ghost Station,Ghost Station,2024
alien-horror,Spread Me,Spread Me,2025
alien-horror,Under the Skin,Under the Skin,2000
alien-horror,Who Goes There?,Who Goes There?,1938
alien-infiltration-fiction,American Elsewhere,American Elsewhere,2013
alien-infiltration-fiction,Annex,Annex,2018
alien-infiltration-fiction,Nova Express,Nova Express,1964
alien-infiltration-fiction,The Midwich Cuckoos,The Midwich Cuckoos,1957
alien-infiltration-fiction,The Puppet Masters,The Puppet Masters,1951
alien-infiltration-fiction,The Wormwood Trilogy,Rosewater,2016
alien-infiltration-fiction,The Wormwood Trilogy,The Rosewater Insurrection,2019
alien-infiltration-fiction,The Wormwood Trilogy,The Rosewater Redemption,2019
alien-message,Chocky,Chocky,1968
alien-message,Conquest,Conquest,2023
alien-message,Contact,Contact,1985
alien-message,In Ascension,In Ascension,2023
alien-message,Juniper Time,Juniper Time,1979
alien-message,Remembrance of Earth's Past,Death's End,2010
alien-message,Remembrance of Earth's Past,The Dark Forest,2008
alien-message,Remembrance of Earth's Past,The Redemption of Time (Baoshu),2019
alien-message,Remembrance of Earth's Past,The Three-Body Problem,2006
alien-message,Roadside Picnic,Roadside Picnic,1972
alien-message,Second Contact,Second Contact,2001
alien-message,The Forge of Mars,The Forge of Mars,2002
alt-civil-war,Bring the Jubilee,Bring the Jubilee,1953
alt-civil-war,Dread Nation,Deathless Divide,2020
alt-civil-war,Dread Nation,Dread Nation,2018
alt-civil-war,River of Teeth,River of Teeth,2017
alt-civil-war,River of Teeth,Taste of Marrow,2017
alt-civil-war,The Guns of the South,The Guns of the South,1992
alt-cold-war,Lady Astronaut,The Calculating Stars,2018
alt-cold-war,Lady Astronaut,The Fated Sky,2018
alt-cold-war,Lady Astronaut,The Martian Contingency,2025
alt-cold-war,Lady Astronaut,The Relentless Moon,2020
alt-cold-war,Watchmen,Watchmen,1986
alt-crusade-fantasy,The Devils,The Devils,2025
alt-diesel-fantasy,Blood of Earth,Breath of Earth,2016
alt-diesel-fantasy,Blood of Earth,Call of Fire,2017
alt-diesel-fantasy,Blood of Earth,Roar of Sky,2018
alt-diesel-fantasy,Burn,Burn,2020
alt-diesel-fantasy,Dead Djinn Universe,A Dead Djinn in Cairo,2016
alt-diesel-fantasy,Dead Djinn Universe,A Master of Djinn,2021
alt-diesel-fantasy,Dead Djinn Universe,The Haunting of Tram Car 015,2019
alt-diesel-fantasy,Dominion of the Fallen,The House of Binding Thorns,2017
alt-diesel-fantasy,Dominion of the Fallen,The House of Shattered Wings,2015
alt-diesel-fantasy,Dominion of the Fallen,The House of Sundering Flames,2019
alt-diesel-fantasy,Rust in the Root,Rust in the Root,2022
alt-diesel-fantasy,Summerland,Summerland,2018
alt-flintlock-fantasy,Angel Mage,Angel Mage,2019
alt-flintlock-fantasy,Arcane America,Council of Fire,2019
alt-flintlock-fantasy,Arcane America,Uncharted,2018
alt-flintlock-fantasy,Sorcerer Royal,Sorcerer to the Crown,2015
alt-flintlock-fantasy,Sorcerer Royal,The True Queen,2019
alt-flintlock-fantasy,Temeraire,Black Powder War,2006
alt-flintlock-fantasy,Temeraire,Blood of Tyrants,2013
alt-flintlock-fantasy,Temeraire,Crucible of Gold,2012
alt-flintlock-fantasy,Temeraire,Empire of Ivory,2007
alt-flintlock-fantasy,Temeraire,His Majesty's Dragon,2006
alt-flintlock-fantasy,Temeraire,League of Dragons,2016
alt-flintlock-fantasy,Temeraire,Throne of Jade,2006
alt-flintlock-fantasy,Temeraire,Tongues of Serpents,2010
alt-flintlock-fantasy,Temeraire,Victory of Eagles,2008
alt-flintlock-fantasy,The Book of Gold,The Book of Gold,2024
alt-flintlock-fantasy,The Tales of Alvin Maker,Alvin Journeyman,1995
alt-flintlock-fantasy,The Tales of Alvin Maker,Heartfire,1998
alt-flintlock-fantasy,The Tales of Alvin Maker,Master Alvin,2026
alt-flintlock-fantasy,The Tales of Alvin Maker,Prentice Alvin,1989
alt-flintlock-fantasy,The Tales of Alvin Maker,Red Prophet,1988
alt-flintlock-fantasy,The Tales of Alvin Maker,Seventh Son,1987
alt-flintlock-fantasy,The Tales of Alvin Maker,The Crystal City,2003
alt-flintlock-fantasy,The Witchy War,Serpent Daughter,2020
alt-flintlock-fantasy,The Witchy War,Witchy Eye,2017
alt-flintlock-fantasy,The Witchy War,Witchy Kingdom,2019
alt-flintlock-fantasy,The Witchy War,Witchy Winter,2018
alt-wwi,Absynthe,Absynthe,2021
alt-wwi,Ice,Ice,2025
alt-ming-fantasy,The Radiant Emperor,He Who Drowned the World,2023
alt-ming-fantasy,The Radiant Emperor,She Who Became the Sun,2021
alt-postwar,Ascent,Ascent,2007
alt-postwar,Biography of X,Biography of X,2023
alt-postwar,Fatherland,Fatherland,1992
alt-postwar,The Book of Guilt,The Book of Guilt,2025
alt-postwar,The Man in the High Castle,The Man in the High Castle,1962
alt-postwar,The Sound of His Horn,The Sound of His Horn,1952
alt-postwar,The Underhistory,The Underhistory,2024
alt-postwar,The Yiddish Policemen's Union,The Yiddish Policemen's Union,2007
alt-postwar,Vanishing World,Vanishing World,2015
alt-present,Peripheral,Agency,2020
alt-present,Peripheral,The Peripheral,2014
alt-present,The Disappearance,After America,2010
alt-present,The Disappearance,Angels of Vengeance,2012
alt-present,The Disappearance,Without Warning,2009
alt-prewar,The Plot Against America,The Plot Against America,2004
alt-renaissance-fantasy,Heirs of Alexandria,All the Plagues of Hell,2018
alt-renaissance-fantasy,Heirs of Alexandria,Burdens of the Dead,2013
alt-renaissance-fantasy,Heirs of Alexandria,Much Fall of Blood,2010
alt-renaissance-fantasy,Heirs of Alexandria,The Shadow of the Lion,2002
alt-renaissance-fantasy,Heirs of Alexandria,This Rough Magic,2003
alt-spice-route-fantasy,The Adventures of Amina al-Sirafi,The Adventures of Amina al-Sirafi,2023
alt-spice-route-fantasy,The Adventures of Amina al-Sirafi,The Tapestry of Fate,2026
altered-flesh,Blood Music,Blood Music,1985
altered-flesh,Lamb,Lamb,2023
altered-flesh,The Ophiuchi Hotline,The Ophiuchi Hotline,1977
altered-flesh,The Shrinking Man,The Shrinking Man,1956
altered-flesh,Titanium Noir,Titanium Noir,2023
alternate-worlds,Ada or Ardor,Ada or Ardor,1969
alternate-worlds,Cities of the Red Night,Cities of the Red Night,1981
alternate-worlds,Cities of the Red Night,The Place of Dead Roads,1984
alternate-worlds,Cities of the Red Night,The Western Lands,1987
alternate-worlds,Equimedian,Equimedian,2024
ancestral-time-travel,Expect Me Tomorrow,Expect Me Tomorrow,2022
ancestral-time-travel,Hopeland,Hopeland,2023
ancestral-time-travel,Kindred,Kindred,1979
ancestral-time-travel,Outlander,A Breath of Snow and Ashes,2005
ancestral-time-travel,Outlander,An Echo in the Bone,2009
ancestral-time-travel,Outlander,Dragonfly in Amber,1992
ancestral-time-travel,Outlander,Drums of Autumn,1996
ancestral-time-travel,Outlander,Go Tell the Bees That I Am Gone,2021
ancestral-time-travel,Outlander,Outlander,1991
ancestral-time-travel,Outlander,The Fiery Cross,2001
ancestral-time-travel,Outlander,Voyager,1993
ancestral-time-travel,Outlander,Written in My Own Heart's Blood,2014
ancestral-time-travel,The Victorian Chaise-longue,The Victorian Chaise-longue,1953
andalusian-fantasy,The Bird King,The Bird King,2019
androids,Annie Bot,Annie Bot,2024
androids,Do Androids Dream of Electric Sheep?,Do Androids Dream of Electric Sheep?,1968
androids,Luminous,Luminous,2025
androids,Sunrise Alley,Alpha,2004
androids,Sunrise Alley,Sunrise Alley,2004
androids,The Caves of Steel,The Caves of Steel,1954
androids,The Caves of Steel,The Naked Sun,1957
androids,The Caves of Steel,The Robots of Dawn,1983
androids,The Stepford Wives,The Stepford Wives,1972
animal-fantasy,Animal Farm,Animal Farm,1945
animal-fantasy,Doctor Dolittle,Doctor Dolittle and the Green Canary,1950
animal-fantasy,Doctor Dolittle,Doctor Dolittle and the Secret Lake,1948
animal-fantasy,Doctor Dolittle,Doctor Dolittle in the Moon,1928
animal-fantasy,Doctor Dolittle,Doctor Dolittle's Caravan,1926
animal-fantasy,Doctor Dolittle,Doctor Dolittle's Circus,1924
animal-fantasy,Doctor Dolittle,Doctor Dolittle's Garden,1927
animal-fantasy,Doctor Dolittle,Doctor Dolittle's Post Office,1923
animal-fantasy,Doctor Dolittle,Doctor Dolittle's Puddleby Adventures,1952
animal-fantasy,Doctor Dolittle,Doctor Dolittle's Return,1933
animal-fantasy,Doctor Dolittle,Doctor Dolittle's Zoo,1925
animal-fantasy,Doctor Dolittle,Gub-Gub's Book,1932
animal-fantasy,Doctor Dolittle,The Story of Doctor Dolittle,1920
animal-fantasy,Doctor Dolittle,The Voyages of Doctor Dolittle,1922
animal-fantasy,The Little Prince,The Little Prince,1943
animal-fantasy,The Wild Road,The Golden Cat,1999
animal-fantasy,The Wild Road,The Wild Road,1997
animal-fantasy,The Wind in the Willows,The Wind in the Willows,1908
animal-fantasy,Watership Down,Watership Down,1972
antebellum-fantasy,The Underground Railroad,The Underground Railroad,2016
antique-alterations,Belisarius,Destiny's Shield,1999
antique-alterations,Belisarius,Fortune's Stroke,2000
antique-alterations,Belisarius,In the Heart of Darkness,1998
antique-alterations,Belisarius,The Dance of Time,2006
antique-alterations,Belisarius,The Tide of Victory,2001
antique-alterations,Sargassa,Bloodtide,2025
antique-alterations,Sargassa,Sargassa,2024
antique-alterations,The Northland Trilogy,Bronze Summer,2011
antique-alterations,The Northland Trilogy,Iron Winter,2012
antique-alterations,The Northland Trilogy,Stone Spring,2010
antique-alterations,The Years of Rice and Salt,The Years of Rice and Salt,2002
antique-alterations,Time's Tapestry,Conqueror,2007
antique-alterations,Time's Tapestry,Emperor,2006
antique-alterations,Time's Tapestry,Navigator,2007
antique-alterations,Time's Tapestry,Weaver,2008
arcane-peoples,The Doubled Edge,And Less Than Kind,2007
arcane-peoples,The Doubled Edge,By Slanderous Tongues,2007
arcane-peoples,The Doubled Edge,Ill Met by Moonlight,2005
arcane-peoples,The Innsmouth Legacy,Deep Roots,2018
arcane-peoples,The Innsmouth Legacy,Winter Tide,2017
arcane-peoples,The Meq,The Meq,2003
arcane-peoples,The Meq,The Remembering,2011
arcane-peoples,The Meq,Time Dancers,2006
arthur-classic,Arthurian Saga,The Crystal Cave,1970
arthur-classic,Arthurian Saga,The Hollow Hills,1973
arthur-classic,Arthurian Saga,The Last Enchantment,1979
arthur-classic,Arthurian Saga,The Prince and the Pilgrim,1995
arthur-classic,Arthurian Saga,The Wicked Day,1983
arthur-classic,The Bright Sword,The Bright Sword,2024
arthur-classic,The Once and Future King,The Candle in the Wind,1958
arthur-classic,The Once and Future King,The Ill-Made Knight,1940
arthur-classic,The Once and Future King,The Queen of Air and Darkness,1939
arthur-classic,The Once and Future King,The Sword in the Stone,1938
arthur-reimagined,Avalon,Ancestors of Avalon,2004
arthur-reimagined,Avalon,Lady of Avalon,1997
arthur-reimagined,Avalon,Priestess of Avalon,2000
arthur-reimagined,Avalon,The Forest House,1993
arthur-reimagined,Avalon,The Mists of Avalon,1982
arthur-reimagined,By Force Alone,By Force Alone,2020
arthur-reimagined,Spear,Spear,2022
arthur-returned,A Glastonbury Romance,A Glastonbury Romance,1932
arthur-returned,The Isle in the Silver Sea,The Isle in the Silver Sea,2025
arthur-returned,The Legendborn Cycle,Bloodmarked,2022
arthur-returned,The Legendborn Cycle,Legendborn,2020
arthur-returned,The Legendborn Cycle,Oathbound,2025
arthur-returned,War in Heaven,War in Heaven,1930
autumn-kingdoms,Armed in Her Fashion,Armed in Her Fashion,2018
autumn-kingdoms,Son of the Morning,Son of the Morning,2013
autumn-kingdoms,Son of the Morning,Son of the Night,2014
autumn-kingdoms,The Dark Apostle,Elisha Barber,2010
autumn-kingdoms,The Dark Apostle,Elisha Daemon,2018
autumn-kingdoms,The Dark Apostle,Elisha Magus,2011
autumn-kingdoms,The Dark Apostle,Elisha Mancer,2017
autumn-kingdoms,The Dark Apostle,Elisha Rex,2012
autumn-kingdoms,The Dark Apostle,The Burning,2013
autumn-kingdoms,Winternight Trilogy,The Bear and the Nightingale,2017
autumn-kingdoms,Winternight Trilogy,The Girl in the Tower,2018
autumn-kingdoms,Winternight Trilogy,The Winter of the Witch,2019
ballardian-dystopias,Cocaine Nights,Cocaine Nights,1996
ballardian-dystopias,High-Rise,High-Rise,1975
ballardian-dystopias,Super-Cannes,Super-Cannes,2000
bard-hero,Song of the Beast,Song of the Beast,2003
bard-hero,The Kingkiller Chronicle,The Name of the Wind,2007
bard-hero,The Kingkiller Chronicle,The Wise Man’s Fear,2011
beasts-of-marvel,Lady into Fox,Lady into Fox,1922
beasts-of-marvel,Pig Tales,Pig Tales,1996
beasts-of-marvel,Shark Heart,Shark Heart,2023
beasts-of-marvel,The Astonishing Color of After,The Astonishing Color of After,2018
beasts-of-marvel,The Inheritance of Orquídea Divina,The Inheritance of Orquídea Divina,2021
beasts-of-marvel,When Women Were Dragons,When Women Were Dragons,2022
being-robot,A Thousand Blues,A Thousand Blues,2025
being-robot,Neom,Neom,2022
being-robot,Remember You Will Die,Remember You Will Die,2024
being-robot,Sea of Rust,Day Zero,2021
being-robot,Sea of Rust,Sea of Rust,2017
being-robot,Service Model,Service Model,2024
being-robot,The Murderbot Diaries,All Systems Red,2017
being-robot,The Murderbot Diaries,Artificial Condition,2018
being-robot,The Murderbot Diaries,Exit Strategy,2018
being-robot,The Murderbot Diaries,Fugitive Telemetry,2021
being-robot,The Murderbot Diaries,Network Effect,2020
being-robot,The Murderbot Diaries,Platform Decay,2026
being-robot,The Murderbot Diaries,Rogue Protocol,2018
being-robot,The Murderbot Diaries,System Collapse,2023
biblical-fantasy,HIM,HIM,2023
big-dumb-relics,Needle,Needle,2022
big-dumb-relics,Proxima,Proxima,2013
big-dumb-relics,Proxima,Ultima,2014
big-dumb-relics,Revelation Space,Elysium Fire,2018
big-dumb-relics,Revelation Space,Machine Vendetta,2024
big-dumb-relics,Revelation Space,Revelation Space,2000
big-dumb-relics,Revelation Space,The Prefect,2007
big-dumb-relics,The Continuance,Descendant Machine,2023
big-dumb-relics,The Continuance,Stars and Bones,2022
big-dumb-relics,The Memory War,Architects of Memory,2020
big-dumb-relics,The Memory War,Engines of Oblivion,2021
big-dumb-worlds,Atherton,Rivers of Fire,2008
big-dumb-worlds,Atherton,The Dark Planet,2009
big-dumb-worlds,Bowl of Heaven,Bowl of Heaven,2012
big-dumb-worlds,Bowl of Heaven,Glorious,2020
big-dumb-worlds,Bowl of Heaven,Shipstar,2014
big-dumb-worlds,Creation Node,Creation Node,2023
big-dumb-worlds,Eversion,Eversion,2022
big-dumb-worlds,The Spin Trilogy,Creation Machine,2016
big-dumb-worlds,The Spin Trilogy,Iron Gods,2017
big-dumb-worlds,The Spin Trilogy,Stone Clock,2018
big-dumb-worlds,The Way,Eon,1985
big-dumb-worlds,The Way,Eternity,1988
body-myth,Every Bone a Prayer,Every Bone a Prayer,2020
body-myth,The Breast,The Breast,1972
body-myth,The Einstein Intersection,The Einstein Intersection,1967
body-myth,The Passion of New Eve,The Passion of New Eve,1977
body-swap,I Am Not Jessica Chen,I Am Not Jessica Chen,2025
bonded-hard-magic,Codex Alera,Academ's Fury,2005
bonded-hard-magic,Codex Alera,Captain's Fury,2007
bonded-hard-magic,Codex Alera,Cursor's Fury,2006
bonded-hard-magic,Codex Alera,First Lord's Fury,2009
bonded-hard-magic,Codex Alera,Furies of Calderon,2004
bonded-hard-magic,Codex Alera,Princeps' Fury,2008
bonded-hard-magic,Iskryne,The Tempering of Men,2011
bonded-hard-magic,The Book of Elementals,Sorcerer's Son,1979
bonded-hard-magic,The Book of Elementals,The Crystal Palace,1988
bonded-hard-magic,The Long Price Quartet,A Betrayal in Winter,2007
bonded-hard-magic,The Long Price Quartet,A Shadow in Summer,2007
bonded-hard-magic,The Long Price Quartet,An Autumn War,2008
bonded-hard-magic,The Long Price Quartet,Shadow and Betrayal,2012
bonded-hard-magic,The Long Price Quartet,The Price of Spring,2009
bonded-hard-magic,The Long Price Quartet,The Price of War,2012
bonded-hard-magic,The Spiritbinder Saga,Wraithbound,2023
bonded-romantasy,Dragonfall,Dragonfall,2023
bonded-romantasy,Otherworldly,Otherworldly,2024
bonded-romantasy,Realms in Peril,Bound by Fate,2024
bonded-romantasy,Realms in Peril,Worthy of Fate,2024
bonded-romantasy,The Court of Broken Bonds,Heir to Thorn and Flame,2023
bonded-romantasy,The Maid and the Crocodile,The Maid and the Crocodile,2024
bonded-romantasy,The Siren Mage Duology,In the Veins of the Drowning,2025
bonded-romantasy,The Siren Mage Duology,In the Wake of the Ruined,2026
bonded-romantasy,The Tithenai Chronicles,A Strange and Stubborn Endurance,2022
bonded-romantasy,The Tithenai Chronicles,All the Hidden Paths,2023
bonded-romantasy,The Unbalancing,The Unbalancing,2022
bowler-hat-fantasy,Lone Women,Lone Women,2023
bowler-hat-fantasy,The Company Man,The Company Man,2011
bowler-hat-fantasy,The Lunar Gothic Trilogy,Cathedral of the Drowned,2025
bowler-hat-fantasy,Westside (Gilda Carr),Westside,2019
bowler-hat-fantasy,Westside (Gilda Carr),Westside Lights,2022
bowler-hat-fantasy,Westside (Gilda Carr),Westside Saints,2020
bowler-hat-fantasy,When the Angels Left the Old Country,When the Angels Left the Old Country,2022
bread-and-circus-dystopias,Chain-Gang All-Stars,Chain-Gang All-Stars,2023
called-back,Annie LeBlanc Is Not Dead Yet,Annie LeBlanc Is Not Dead Yet,2024
called-back,Cold Heaven,Cold Heaven,1983
called-back,I Am Homeless if This Is Not My Home,I Am Homeless if This Is Not My Home,2023
called-back,Neither the Sea nor the Sand,Neither the Sea nor the Sand,1969
called-back,On Fragile Waves,On Fragile Waves,2021
called-back,The Place of Shells,The Place of Shells,2025
caper-fantasy,A Shadow All of Light,A Shadow All of Light,2016
caper-fantasy,A Tempest of Tea,A Tempest of Tea,2024
caper-fantasy,Blacktongue,The Blacktongue Thief,2021
caper-fantasy,Blacktongue,The Daughters' War,2024
caper-fantasy,The Drowned Woods,The Drowned Woods,2022
caper-fantasy,The Gentleman Bastard Sequence,Red Seas Under Red Skies,2007
caper-fantasy,The Gentleman Bastard Sequence,The Lies of Locke Lamora,2006
caper-fantasy,The Gentleman Bastard Sequence,The Republic of Thieves,2013
caper-fantasy,The Legend of Eli Monpress,Spirit's End,2012
caper-fantasy,The Legend of Eli Monpress,The Spirit Eater,2010
caper-fantasy,The Legend of Eli Monpress,The Spirit War,2012
caper-fantasy,The Sky on Fire,The Sky on Fire,2024
celtic-fantasy,Sistersong,Sistersong,2021
celtic-fantasy,The Buried Giant,The Buried Giant,2015
celtic-fantasy,Warrior Bards,A Dance with Fate,2020
celtic-fantasy,Warrior Bards,A Song of Flight,2021
celtic-fantasy,Warrior Bards,The Harp of Kings,2019
channeled-hard-magic,Rojan Dizon,Before the Fall,2013
channeled-hard-magic,Rojan Dizon,Fade to Black,2013
channeled-hard-magic,Rojan Dizon,Last to Rise,2013
channeled-hard-magic,The Broken Earth,The Fifth Season,2015
channeled-hard-magic,The Broken Earth,The Obelisk Gate,2016
channeled-hard-magic,The Broken Earth,The Stone Sky,2017
channeled-hard-magic,The Cosmere,Arcanum Unbounded: The Cosmere Collection,2016
channeled-hard-magic,The Cosmere,Dawnshard,2020
channeled-hard-magic,The Cosmere,Edgedancer,2016
channeled-hard-magic,The Cosmere,Elantris,2005
channeled-hard-magic,The Cosmere,Isles of the Emberdark,2026
channeled-hard-magic,The Cosmere,Mistborn: Secret History,2021
channeled-hard-magic,The Cosmere,Mistborn: The Final Empire,2006
channeled-hard-magic,The Cosmere,Oathbringer,2017
channeled-hard-magic,The Cosmere,Rhythm of War,2020
channeled-hard-magic,The Cosmere,Shadows of Self,2015
channeled-hard-magic,The Cosmere,The Alloy of Law,2011
channeled-hard-magic,The Cosmere,The Bands of Mourning,2016
channeled-hard-magic,The Cosmere,The Hero of Ages,2008
channeled-hard-magic,The Cosmere,The Lost Metal,2022
channeled-hard-magic,The Cosmere,The Sunlit Man,2023
channeled-hard-magic,The Cosmere,The Way of Kings,2010
channeled-hard-magic,The Cosmere,The Well of Ascension,2007
channeled-hard-magic,The Cosmere,Tress of the Emerald Sea,2023
channeled-hard-magic,The Cosmere,Warbreaker,2009
channeled-hard-magic,The Cosmere,White Sand Omnibus,2019
channeled-hard-magic,The Cosmere,Wind and Truth,2024
channeled-hard-magic,The Cosmere,Words of Radiance,2014
channeled-hard-magic,The Cosmere,Yumi and the Nightmare Painter,2023
channeled-hard-magic,The Wheel of Time,A Crown of Swords,1996
channeled-hard-magic,The Wheel of Time,A Memory of Light,2013
channeled-hard-magic,The Wheel of Time,Crossroads of Twilight,2002
channeled-hard-magic,The Wheel of Time,Knife of Dreams,2005
channeled-hard-magic,The Wheel of Time,Lord of Chaos,1994
channeled-hard-magic,The Wheel of Time,New Spring,2004
channeled-hard-magic,The Wheel of Time,The Dragon Reborn,1991
channeled-hard-magic,The Wheel of Time,The Eye of the World,1990
channeled-hard-magic,The Wheel of Time,The Fires of Heaven,1993
channeled-hard-magic,The Wheel of Time,The Gathering Storm,2009
channeled-hard-magic,The Wheel of Time,The Great Hunt,1990
channeled-hard-magic,The Wheel of Time,The Path of Daggers,1998
channeled-hard-magic,The Wheel of Time,The Shadow Rising,1992
channeled-hard-magic,The Wheel of Time,Towers of Midnight,2010
channeled-hard-magic,The Wheel of Time,Winter's Heart,2000
chemical-catastrophe,Cat's Cradle,Cat's Cradle,1963
chemical-catastrophe,Daybreak,Daybreak Zero,2011
chemical-catastrophe,Daybreak,Directive 51,2010
chemical-catastrophe,Daybreak,The Last President,2013
chemical-catastrophe,The Crystal World,The Crystal World,1966
childless-dystopias,Atomized,Atomized,1998
childless-dystopias,Greybeard,Greybeard,1964
childless-dystopias,The Children of Men,The Children of Men,1992
circus-in-gaslight,Nights at the Circus,Nights at the Circus,1984
circus-in-gaslight,The Somnambulist,The Somnambulist,2007
classic-haunted-house,The Castle of Otranto,The Castle of Otranto,1764
classic-haunted-house,The Green Man,The Green Man,1969
classic-haunted-house,The Haunting of Hill House,The Haunting of Hill House,1959
classic-haunted-house,The Shining,Doctor Sleep,2013
classic-haunted-house,The Shining,The Shining,1977
classic-haunted-house,The Turn of the Screw,The Turn of the Screw,1898
classic-orwellian,Nineteen Eighty-Four,Nineteen Eighty-Four,1949
classic-orwellian,Tender Is the Flesh,Tender Is the Flesh,2017
classic-orwellian,The Memory Police,The Memory Police,1994
classic-orwellian,We,We,1924
classic-planetary-romance,A Columbus of Space,A Columbus of Space,1909
classic-planetary-romance,Gulliver of Mars,Gulliver of Mars,1905
classic-planetary-romance,Northwest Smith,Northwest Smith,1933
classic-planetary-romance,The Saga of the Well World,Echoes of the Well of Souls,1993
classic-planetary-romance,The Saga of the Well World,Ghost of the Well of Souls,2000
classic-planetary-romance,The Saga of the Well World,The Sea Is Full of Stars,1999
classic-planetary-romance,The Space Trilogy,Out of the Silent Planet,1938
classic-planetary-romance,The Space Trilogy,Perelandra,1943
classic-planetary-romance,The Space Trilogy,That Hideous Strength,1945
classic-planetary-romance,The Sword of Rhiannon,The Sword of Rhiannon,1949
classic-social-dystopias,Atlas Shrugged,Atlas Shrugged,1957
classic-social-dystopias,Bug Jack Barron,Bug Jack Barron,1969
classic-social-dystopias,Lord of the Flies,Lord of the Flies,1954
classic-social-dystopias,Naked Lunch,Naked Lunch,1959
classic-time-agencies,No Enemy But Time,No Enemy But Time,1982
classic-time-agencies,Oxford Time Travel,All Clear,2010
classic-time-agencies,Oxford Time Travel,Blackout,2010
classic-time-agencies,Oxford Time Travel,Doomsday Book,1992
classic-time-agencies,Oxford Time Travel,To Say Nothing of the Dog,1998
classic-time-agencies,The End of Eternity,The End of Eternity,1955
classic-time-agencies,The Time Traders,Atlantis Endgame,2002
classic-time-agencies,The Time Traders,Echoes in Time,1999
classic-time-agencies,The Time Traders,Firehand,1994
classic-time-agencies,The Time Traders,Galactic Derelict,1959
classic-time-agencies,The Time Traders,Key Out of Time,1963
classic-time-agencies,The Time Traders,The Defiant Agents,1962
classic-time-agencies,The Time Traders,The Time Traders,1958
classic-time-agencies,The Year of the Quiet Sun,The Year of the Quiet Sun,1970
cleric-hero,World of the Five Gods,Paladin of Souls,2003
cleric-hero,World of the Five Gods,The Curse of Chalion,2001
cleric-hero,World of the Five Gods,The Hallowed Hunt,2005
climate-breakdown,The Deluge,The Deluge,2023
climate-breakdown,The Sheep Look Up,The Sheep Look Up,1972
climate-class-divide,Blackfish City,Blackfish City,2018
climate-class-divide,Rise of the Red Hand,Fall of the Iron Gods,2024
climate-class-divide,Rise of the Red Hand,Rise of the Red Hand,2021
climate-class-divide,The Windup Girl,The Windup Girl,2009
climate-class-divide,Venomous Lumpsucker,Venomous Lumpsucker,2022
climate-displacement,American War,American War,2017
climate-displacement,Bridge 108,Bridge 108,2020
climate-displacement,Metronome,Metronome,2022
climate-tyranny,Memory of Water,Memory of Water,2012
cloning-fiction,Ghost Species,Ghost Species,2020
cloning-fiction,Jurassic Park,Jurassic Park,1990
cloning-fiction,Jurassic Park,The Lost World,1995
cloning-fiction,Never Let Me Go,Never Let Me Go,2005
cloning-fiction,The Echo Wife,The Echo Wife,2021
cloning-fiction,Thirteen Ways to Kill Lulabelle Rock,Thirteen Ways to Kill Lulabelle Rock,2023
colonial-worlds,Alien Clay,Alien Clay,2024
colonial-worlds,Mother of Demons,Mother of Demons,1997
colonial-worlds,The City in the Middle of the Night,The City in the Middle of the Night,2019
colonial-worlds,The Fifth Head of Cerberus,The Fifth Head of Cerberus,1972
colonial-worlds,The Martian Chronicles,The Martian Chronicles,1950
colonial-worlds,The Solar Cycle,Caldé of the Long Sun,1994
colonial-worlds,The Solar Cycle,Exodus from the Long Sun,1996
colonial-worlds,The Solar Cycle,In Green's Jungles,2000
colonial-worlds,The Solar Cycle,Lake of the Long Sun,1994
colonial-worlds,The Solar Cycle,Nightside the Long Sun,1993
colonial-worlds,The Solar Cycle,On Blue's Waters,1999
colonial-worlds,The Solar Cycle,Return to the Whorl,2001
colonial-worlds,The Solar Cycle,The Citadel of the Autarch,1983
colonial-worlds,The Solar Cycle,The Claw of the Conciliator,1981
colonial-worlds,The Solar Cycle,The Shadow of the Torturer,1980
colonial-worlds,The Solar Cycle,The Sword of the Lictor,1982
colonial-worlds,The Solar Cycle,The Urth of the New Sun,1987
colonial-worlds,Undertow,Undertow,2007
colony-life,Planetfall,After Atlas,2016
colony-life,Planetfall,Atlas Alone,2019
colony-life,Planetfall,Before Mars,2018
colony-life,Planetfall,Planetfall,2015
colony-life,Remnant Population,Remnant Population,1996
colony-life,The Homecoming Saga,Earthborn,1995
colony-life,The Homecoming Saga,Earthfall,1995
colony-life,The Homecoming Saga,The Call of Earth,1993
colony-life,The Homecoming Saga,The Memory of Earth,1992
colony-life,The Homecoming Saga,The Ships of Earth,1994
colony-life,The Moonday Letters,The Moonday Letters,2022
colony-life,The Voices of Heaven,The Voices of Heaven,1994
colony-politics,Abbott in Darkness,Abbott in Darkness,2022
colony-politics,Carnival,Carnival,2006
colony-politics,Marjorie Westriding,Grass,1989
colony-politics,Marjorie Westriding,Raising the Stones,1990
colony-politics,Marjorie Westriding,Sideshow,1992
colony-politics,Moving Mars,Moving Mars,1993
colony-politics,Nemesis,Nemesis,1989
colony-politics,O Pioneer!,O Pioneer!,1998
colony-politics,Red Moon,Red Moon,2018
colony-politics,The Dragon's Eye,The Dragon's Eye,1999
colony-politics,Vagabonds,Vagabonds,2020
comic-fantasy-realms,Discworld,A Hat Full of Sky,2004
comic-fantasy-realms,Discworld,Carpe Jugulum,1998
comic-fantasy-realms,Discworld,Equal Rites,1987
comic-fantasy-realms,Discworld,Eric,1990
comic-fantasy-realms,Discworld,Feet of Clay,1996
comic-fantasy-realms,Discworld,Going Postal,2004
comic-fantasy-realms,Discworld,Guards! Guards!,1989
comic-fantasy-realms,Discworld,Hogfather,1996
comic-fantasy-realms,Discworld,I Shall Wear Midnight,2010
comic-fantasy-realms,Discworld,Interesting Times,1994
comic-fantasy-realms,Discworld,Jingo,1997
comic-fantasy-realms,Discworld,Lords and Ladies,1992
comic-fantasy-realms,Discworld,Making Money,2007
comic-fantasy-realms,Discworld,Maskerade,1995
comic-fantasy-realms,Discworld,Men at Arms,1993
comic-fantasy-realms,Discworld,Monstrous Regiment,2003
comic-fantasy-realms,Discworld,Mort,1987
comic-fantasy-realms,Discworld,Moving Pictures,1990
comic-fantasy-realms,Discworld,Night Watch,2002
comic-fantasy-realms,Discworld,Pyramids,1989
comic-fantasy-realms,Discworld,Raising Steam,2013
comic-fantasy-realms,Discworld,Reaper Man,1991
comic-fantasy-realms,Discworld,Small Gods,1992
comic-fantasy-realms,Discworld,Snuff,2011
comic-fantasy-realms,Discworld,Soul Music,1994
comic-fantasy-realms,Discworld,Sourcery,1988
comic-fantasy-realms,Discworld,The Amazing Maurice and his educated rodents,2001
comic-fantasy-realms,Discworld,The Colour of Magic,1983
comic-fantasy-realms,Discworld,The Fifth Elephant,1999
comic-fantasy-realms,Discworld,The Last Continent,1998
comic-fantasy-realms,Discworld,The Last Hero,2001
comic-fantasy-realms,Discworld,The Light Fantastic,1986
comic-fantasy-realms,Discworld,The Shepherd’s Crown,2015
comic-fantasy-realms,Discworld,The Truth,2000
comic-fantasy-realms,Discworld,The Wee Free Men,2003
comic-fantasy-realms,Discworld,Thief of Time,2001
comic-fantasy-realms,Discworld,Thud!,2005
comic-fantasy-realms,Discworld,Unseen Academicals,2009
comic-fantasy-realms,Discworld,Wintersmith,2006
comic-fantasy-realms,Discworld,Witches Abroad,1991
comic-fantasy-realms,Discworld,Wyrd Sisters,1988
comic-fantasy-realms,DragonForged,Sword of the Champion,2025
comic-fantasy-realms,I'm Afraid You've Got Dragons,I'm Afraid You've Got Dragons,2024
comic-fantasy-realms,Joe's World,Forward the Mage,2002
comic-fantasy-realms,Joe's World,The Philosophical Strangler,2001
comic-fantasy-realms,Xanth,A Spell for Chameleon,1977
comic-fantasy-realms,Xanth,A Tryst of Fate,2021
comic-fantasy-realms,Xanth,Air Apparent,2007
comic-fantasy-realms,Xanth,Apoca Lips,2023
comic-fantasy-realms,Xanth,Board Stiff,2013
comic-fantasy-realms,Xanth,Castle Roogna,1979
comic-fantasy-realms,Xanth,Centaur Aisle,1981
comic-fantasy-realms,Xanth,Crewel Lye: A Caustic Yarn,1985
comic-fantasy-realms,Xanth,Cube Route,2003
comic-fantasy-realms,Xanth,Currant Events,2004
comic-fantasy-realms,Xanth,Demons Don,1993
comic-fantasy-realms,Xanth,Dragon on a Pedestal,1983
comic-fantasy-realms,Xanth,Esrever Doom,2013
comic-fantasy-realms,Xanth,Faun & Games,1997
comic-fantasy-realms,Xanth,Fire Sail,2019
comic-fantasy-realms,Xanth,Five Portraits,2014
comic-fantasy-realms,Xanth,Geis of the Gargoyle,1995
comic-fantasy-realms,Xanth,Ghost Writer in the Sky,2017
comic-fantasy-realms,Xanth,Golem in the Gears,1986
comic-fantasy-realms,Xanth,Harpy Thyme,1994
comic-fantasy-realms,Xanth,Heaven Cent,1988
comic-fantasy-realms,Xanth,Isis Orb,2016
comic-fantasy-realms,Xanth,Isle of View,1990
comic-fantasy-realms,Xanth,Jest Right,2020
comic-fantasy-realms,Xanth,Jumper Cable,2009
comic-fantasy-realms,Xanth,Knickelpede Knight,2026
comic-fantasy-realms,Xanth,Knot Gneiss,2010
comic-fantasy-realms,Xanth,Luck of the Draw,2012
comic-fantasy-realms,Xanth,Man from Mundania,1989
comic-fantasy-realms,Xanth,Night Mare,1983
comic-fantasy-realms,Xanth,"Ogre, Ogre",1982
comic-fantasy-realms,Xanth,Pet Peeve,2005
comic-fantasy-realms,Xanth,Question Quest,1991
comic-fantasy-realms,Xanth,Roc and a Hard Place,1995
comic-fantasy-realms,Xanth,Six Crystal Princesses,2022
comic-fantasy-realms,Xanth,Skeleton Key,2021
comic-fantasy-realms,Xanth,Stork Naked,2006
comic-fantasy-realms,Xanth,Swell Foop,2001
comic-fantasy-realms,Xanth,The Color of Her Panties,1992
comic-fantasy-realms,Xanth,The Dastard,2000
comic-fantasy-realms,Xanth,The Source of Magic,1979
comic-fantasy-realms,Xanth,Three Novel Nymphs,2025
comic-fantasy-realms,Xanth,Two to the Fifth,2008
comic-fantasy-realms,Xanth,Up in a Heaval,2002
comic-fantasy-realms,Xanth,Vale of the Vole,1987
comic-fantasy-realms,Xanth,Well-Tempered Clavicle,2011
comic-fantasy-realms,Xanth,Xone of Contention,1999
comic-fantasy-realms,Xanth,Yon Ill Wind,1996
comic-fantasy-realms,Xanth,Zombie Lover,1998
comic-noir-fantasy,Felix Gomez,Jailbait Zombie,2009
comic-noir-fantasy,Felix Gomez,The Nymphos of Rocky Flats,2005
comic-noir-fantasy,Felix Gomez,The Undead Kama Sutra,2008
comic-noir-fantasy,Felix Gomez,Werewolf Smackdown,2010
comic-noir-fantasy,Felix Gomez,X-Rated Bloodsuckers,2007
comic-noir-fantasy,Shadow Ticket,Shadow Ticket,2025
comic-space-fiction,Condomnauts,Condomnauts,2013
comic-space-fiction,Fault Tolerance,Fault Tolerance,2022
comic-space-fiction,"Rats, Bats and Vats","Rats, Bats and Vats",2000
comic-space-fiction,"Rats, Bats and Vats","The Rats, the Bats and the Ugly",2004
comic-space-fiction,The Gods of Sagittarius,The Gods of Sagittarius,2017
comic-space-fiction,The Sol Majestic,The Sol Majestic,2019
comic-space-fiction,Wasp,Wasp,1957
contradiction-fiction,A Sick Gray Laugh,A Sick Gray Laugh,2019
contradiction-fiction,An American Story,An American Story,2018
contradiction-fiction,Confessions of the Fox,Confessions of the Fox,2018
contradiction-fiction,The Blind Assassin,The Blind Assassin,2000
contradiction-fiction,The Prestige,The Prestige,1995
copied-minds,Borrowed Man,A Borrowed Man,2015
copied-minds,Borrowed Man,Interlibrary Loan,2020
copied-minds,Charisma,Charisma,2002
copied-minds,"Fall; or, Dodge in Hell","Fall; or, Dodge in Hell",2019
copied-minds,Project Hanuman,Project Hanuman,2025
copied-minds,Thousand Cultures,The Armies of Memory,2006
copied-minds,Thousand Cultures,The Merchants of Souls,2001
corporate-fantasy,E. Godz,E. Godz,2003
cosmic-catastrophe,Galaxias,Galaxias,2021
cosmic-catastrophe,Lucifer's Hammer,Lucifer's Hammer,1977
cosmic-catastrophe,Seveneves,Seveneves,2015
cosmic-catastrophe,The End of the World News,The End of the World News,1982
cosmic-catastrophe,The Forge of God,Anvil of Stars,1992
cosmic-catastrophe,The Forge of God,The Forge of God,1987
cosmic-catastrophe,The Wanderer,The Wanderer,1964
cosmic-gothic,At the Mountains of Madness,At the Mountains of Madness,1936
cosmic-gothic,Lake of Darkness,Lake of Darkness,2024
cosmic-gothic,The House on the Borderland,The House on the Borderland,1908
court-spies,All the Seas of the World,All the Seas of the World,2022
court-spies,"Gloriana, or The Unfulfill'd Queen","Gloriana, or The Unfulfill'd Queen",1978
court-spies,Rook & Rose Trilogy,Labyrinth's Heart,2023
court-spies,Rook & Rose Trilogy,The Liar's Knot,2021
court-spies,Rook & Rose Trilogy,The Mask of Mirrors,2021
court-spies,The Harp and Ring Sequence,Fire Dance,2018
court-spies,The Harp and Ring Sequence,Last Song Before Night,2015
court-spies,The Harp and Ring Sequence,The Poet King,2020
court-spies,The Queen's Assassin,The Queen's Assassin,2022
court-spies,Written on the Dark,Written on the Dark,2025
court-statecraft,A Brightness Long Ago,A Brightness Long Ago,2019
court-statecraft,Creatures of Light,Ashes to Fire,2017
court-statecraft,Creatures of Light,Creatures of Light,2018
court-statecraft,Creatures of Light,Woodwalker,2016
court-statecraft,Swords and Fire,The Defiant Heir,2018
court-statecraft,Swords and Fire,The Ivory Tomb,2022
court-statecraft,Swords and Fire,The Obsidian Tower,2020
court-statecraft,Swords and Fire,The Quicksilver Court,2021
court-statecraft,Swords and Fire,The Tethered Mage,2017
court-statecraft,Swords and Fire,The Unbound Empire,2019
court-statecraft,The Alchymist's Legacy,Flight into Darkness,2009
court-statecraft,The Alchymist's Legacy,Tracing the Shadow,2008
court-statecraft,The Dagger and the Coin,The Dragon's Path,2011
court-statecraft,The Dagger and the Coin,The King's Blood,2012
court-statecraft,The Dagger and the Coin,The Spider's War,2016
court-statecraft,The Dagger and the Coin,The Tyrant's Law,
court-statecraft,The Dagger and the Coin,The Widow's House,2014
court-statecraft,The Lotus Kingdoms,The Origin of Storms,2022
court-statecraft,The Lotus Kingdoms,The Red-Stained Wings,2019
court-statecraft,The Lotus Kingdoms,The Stone in the Skull,2017
courtship-fantasy,A Sorceress Comes to Call,A Sorceress Comes to Call,2024
courtship-fantasy,Howl's Moving Castle,Castle in the Air,1990
courtship-fantasy,Howl's Moving Castle,House of Many Ways,2008
courtship-fantasy,Howl's Moving Castle,Howl's Moving Castle,1986
courtship-fantasy,Swordcrossed,Swordcrossed,2024
courtship-fantasy,The Magicians and Mrs. Quent,The House on Durrow Street,2010
courtship-fantasy,The Magicians and Mrs. Quent,The Magicians and Mrs. Quent,2008
courtship-fantasy,The Magicians and Mrs. Quent,The Master of Heathcrest Hall,2012
courtship-fantasy,The Midnight Bargain,The Midnight Bargain,2020
cozy-craft-fantasy,A Wizard's Guide to Defensive Baking,A Wizard's Guide to Defensive Baking,2020
cozy-craft-fantasy,Eva Evergreen,Eva Evergreen and the Cursed Witch,2021
cozy-craft-fantasy,Eva Evergreen,"Eva Evergreen, Semi-Magical Witch",2020
cozy-craft-fantasy,The Hexologists,The Hexologists,2024
cozy-craft-fantasy,The Hexologists,The Hexologists: A Tangle of Time,2025
cozy-craft-fantasy,Violet Thistlewaite Is Not a Villain Anymore,Violet Thistlewaite Is Not a Villain Anymore,2025
cozy-peeps-fantasy,A Letter to the Luminous Deep,A Letter from the Lonesome Shore,2025
cozy-peeps-fantasy,A Letter to the Luminous Deep,A Letter to the Luminous Deep,2024
cozy-peeps-fantasy,The Dungeon Book,The Dungeon Book,2026
cozy-peeps-fantasy,The Garden of Delights,The Garden of Delights,2024
cozy-place-fantasy,Legends & Lattes,Legends & Lattes,2022
cozy-place-fantasy,Magic and Mischief at the Wayside Hotel,Magic and Mischief at the Wayside Hotel,2026
cozy-place-fantasy,The Inn at the Foot of Mount Vengeance,The Inn at the Foot of Mount Vengeance,2026
creature-feature,The Green Brain,The Green Brain,1966
crowded-dystopias,334,334,1972
crowded-dystopias,Make Room! Make Room!,Make Room! Make Room!,1966
crowded-dystopias,Stand on Zanzibar,Stand on Zanzibar,1968
crowded-dystopias,The Hive,Half Past Human,1971
crowded-dystopias,The Hive,The Godwhale,1974
crowded-dystopias,The Space Merchants,The Merchants' War,1984
crowded-dystopias,The Space Merchants,The Space Merchants,1953
crown-enemies-romantasy,Broken Souls and Bones,Broken Souls and Bones,2025
crown-enemies-romantasy,Broken Souls and Bones,Heir of Twisted Lies,2026
crown-enemies-romantasy,The Edge of Glass,A Dance of Lies,2026
crown-enemies-romantasy,The Edge of Glass,To Dance with Death,2026
crown-enemies-romantasy,The Ever Seas,The Ever King,2023
crown-enemies-romantasy,The Ever Seas,The Ever Queen,2024
crown-enemies-romantasy,The Ever Seas,The Mist Thief,2024
crown-enemies-romantasy,The Frostblood Saga,Daughter of the Wild Gods,
crown-enemies-romantasy,The Frostblood Saga,Fireblood,2018
crown-enemies-romantasy,The Frostblood Saga,Frostblood,2017
crown-enemies-romantasy,The Frostblood Saga,Nightblood,2019
crown-enemies-romantasy,The Frostblood Saga,The Cursed Queens Daughter,
crown-enemies-romantasy,The Frostblood Saga,The Forest Kings Daughter,
crown-enemies-romantasy,This Monster of Mine,This Blade of Ours,
crown-enemies-romantasy,This Monster of Mine,This Monster of Mine,2025
cryptid-horror,Devolution,Devolution,2020
cryptid-horror,Patricia Wants to Cuddle,Patricia Wants to Cuddle,2022
cryptid-horror,The Sunken Land Begins to Rise Again,The Sunken Land Begins to Rise Again,2020
cryptid-horror,The Vampire Tapestry,The Vampire Tapestry,1980
cursed-towns,Black River Orchard,Black River Orchard,2023
cursed-towns,Cuckoo,Cuckoo,2024
cursed-towns,The Hungry Moon,The Hungry Moon,1986
cursed-towns,The Village at the Edge of Noon,The Village at the Edge of Noon,2018
cyberheist,A Philosophy of Thieves,A Philosophy of Thieves,2025
cyberheist,Infinite Detail,Infinite Detail,2019
cyberheist,The Jinn-Bot of Shantiport,The Jinn-Bot of Shantiport,2023
cyborgs,Automatic Reload,Automatic Reload,2020
cyborgs,Jenny Casey,Hammered,2004
cyborgs,Jenny Casey,Scardown,2005
cyborgs,Jenny Casey,Worldwired,2005
cyborgs,Limbo,Limbo,1952
cyborgs,Man Plus,Man Plus,1976
dark-magical-realism,The Jaguar Mask,The Jaguar Mask,2024
dark-magical-realism,The Unconquered Country,The Unconquered Country,1986
dark-quest-fantasy,The Crimson Road,The Crimson Road,2025
dark-quest-fantasy,The Dark Tower,Song of Susannah,2004
dark-quest-fantasy,The Dark Tower,The Dark Tower,2004
dark-quest-fantasy,The Dark Tower,The Drawing of the Three,1987
dark-quest-fantasy,The Dark Tower,The Gunslinger,1982
dark-quest-fantasy,The Dark Tower,The Waste Lands,1991
dark-quest-fantasy,The Dark Tower,The Wind Through the Keyhole,2012
dark-quest-fantasy,The Dark Tower,Wizard and Glass,1997
dark-quest-fantasy,The Dark Tower,Wolves of the Calla,2003
dark-quest-fantasy,The Eye of Night,The Eye of Night,2002
deco-sf,Mem,Mem,2018
deco-sf,The Listener,The Listener,2018
demonic-torment,Fraternity,Fraternity,2022
demonic-torment,Horror Movie,Horror Movie,2024
demonic-torment,How to Make a Horror Movie and Survive,How to Make a Horror Movie and Survive,2024
demonic-torment,Incidents Around the House,Incidents Around the House,2024
demonic-torment,Temper,Temper,2018
demonic-torment,The Last Days of Jack Sparks,The Last Days of Jack Sparks,2016
demonic-torment,The Possession of Alba Díaz,The Possession of Alba Díaz,2025
demonic-torment,Who Made Stevie Crye?,Who Made Stevie Crye?,1984
detective-fantasy,Apparatus Infernum,Bronze Gods,2013
detective-fantasy,Apparatus Infernum,Silver Mirrors,2014
detective-fantasy,Books of the Usurper,Empire of Exiles,2022
detective-fantasy,Books of the Usurper,Relics of Ruin,2024
detective-fantasy,Isle of Wyrd,Turns of Fate,2025
detective-fantasy,Lud-in-the-Mist,Lud-in-the-Mist,1926
detective-fantasy,Shadow of the Leviathan,A Drop of Corruption,2025
detective-fantasy,Shadow of the Leviathan,A Trade of Blood,2026
detective-fantasy,Shadow of the Leviathan,The Tainted Cup,2024
detective-fantasy,The Raven Scholar,The Raven Scholar,2025
devilish-fame-deals,Damned If You Do,Damned If You Do,2023
devilish-fame-deals,Light From Uncommon Stars,Light From Uncommon Stars,2021
devilish-fame-deals,We Sold Our Souls,We Sold Our Souls,2018
devilish-fame-deals,When Devils Sing,When Devils Sing,2025
devilish-power-deals,King Sorrow,King Sorrow,2025
devilish-power-deals,Melmoth the Wanderer,Melmoth the Wanderer,1820
devilish-power-deals,Mortal Path,Dark Time,2009
devilish-power-deals,Mortal Path,Deliverance,2012
devilish-power-deals,Mortal Path,Sacrifice,2010
devilish-power-deals,The Devil's Blade,The Devil's Blade,2020
devilish-power-deals,The Monk,The Monk,1796
devilish-power-deals,Vathek,Vathek,1786
die-off,Hell Followed With Us,Hell Followed With Us,2022
die-off,MaddAddam,MaddAddam,2013
die-off,MaddAddam,Oryx and Crake,2003
die-off,MaddAddam,The Year of the Flood,2009
die-off,The Stand,The Stand,1978
die-off,The White Plague,The White Plague,1982
die-off,Wanderers,Wanderers,2019
die-off,Wanderers,Wayward,2022
domestic-fantasy,A House Like an Accordion,A House Like an Accordion,2024
domestic-fantasy,Eastwick,The Widows of Eastwick,2008
domestic-fantasy,Eastwick,The Witches of Eastwick,1984
domestic-fantasy,Fallow Sisters,Blackthorn Winter,2021
domestic-fantasy,Fallow Sisters,Comet Weather,2020
domestic-fantasy,Fallow Sisters,Embertide,2022
domestic-fantasy,Fallow Sisters,Salt on the Midnight Fire,2023
domestic-fantasy,If You Could See Me Now,If You Could See Me Now,2005
domestic-fantasy,Ink Blood Sister Scribe,Ink Blood Sister Scribe,2023
domestic-fantasy,Ivory Apples,Ivory Apples,2019
domestic-fantasy,Lessons in Magic and Disaster,Lessons in Magic and Disaster,2025
domestic-fantasy,"Little, Big","Little, Big",1981
domestic-fantasy,The Bog Wife,The Bog Wife,2024
dust-bowl-fantasy,The Circus of Dr. Lao,The Circus of Dr. Lao,1935
dying-earth,Feersum Endjinn,Feersum Endjinn,1994
dying-earth,Hothouse,Hothouse,1962
dying-earth,Mordew,Malarkoi,2022
dying-earth,Mordew,Mordew,2020
dying-earth,Mordew,Waterblack,2025
dying-earth,The City and the Stars,The City and the Stars,1956
dying-earth,The Dying Earth,Cugel's Saga,1983
dying-earth,The Dying Earth,Rhialto the Marvellous,1984
dying-earth,The Dying Earth,The Dying Earth,1950
dying-earth,The Dying Earth,The Eyes of the Overworld,1966
dying-earth,The Night Land,The Night Land,1912
dying-earth,Viriconium,A Storm of Wings,1980
dying-earth,Viriconium,In Viriconium,1982
dying-earth,Viriconium,The Pastel City,1971
dying-earth,Viriconium,Viriconium Nights,1984
dying-earth,Zothique,Zothique,1970
dynastic-assassins,Silken Magic,Magic's Silken Snare,2003
dynastic-assassins,Silken Magic,Sovereign Silk,2017
dynastic-assassins,Silken Magic,The Silken Shroud,2004
dynastic-assassins,The Amber Crown,The Amber Crown,2022
dynastic-assassins,The Brilliant Death,The Brilliant Death,2018
dynastic-assassins,The Brilliant Death,The Storm of Life,2020
dynastic-favor,A Season of Sinister Dreams,A Season of Sinister Dreams,2021
dynastic-favor,Redemptor,Redemptor,2021
dynastic-favor,The Belles,The Beauty Trials,2023
dynastic-favor,The Belles,The Belles,2018
dynastic-favor,The Belles,The Everlasting Rose,2019
dynastic-magic,Branion,The Golden Sword,2001
dynastic-magic,Branion,The Granite Shield,1999
dynastic-magic,Branion,The Painter Knight,1998
dynastic-magic,Branion,The Stone Prince,1997
dynastic-magic,King of Scars Duology,King of Scars,2019
dynastic-magic,King of Scars Duology,Rule of Wolves,2021
dynastic-magic,The Drowning Empire,The Bone Shard Daughter,2020
dynastic-magic,The Drowning Empire,The Bone Shard Emperor,2021
dynastic-magic,The Drowning Empire,The Bone Shard War,2023
dynastic-magic,The Inheritance Trilogy,The Awakened Kingdom,2014
dynastic-magic,The Inheritance Trilogy,The Broken Kingdoms,2010
dynastic-magic,The Inheritance Trilogy,The Hundred Thousand Kingdoms,2010
dynastic-magic,The Inheritance Trilogy,The Kingdom of Gods,2011
dynastic-magic,The Tears of Artamon,Children of the Serpent Gate,2005
dynastic-magic,The Tears of Artamon,Lord of Snow and Shadows,2003
dynastic-magic,The Tears of Artamon,Prisoner of the Iron Tower,2005
dynastic-murders,Dragonlord,Bard's Oath,2012
dynastic-murders,Dragonlord,Dragon and Phoenix,1999
dynastic-murders,Dragonlord,The Last Dragonlord,1998
dynastic-murders,Kithamar,Blade of Dream,2023
dynastic-murders,Kithamar,Judge of Worlds,2024
dynastic-murders,The Bone Orchard,The Bone Orchard,2022
dynastic-murders,The Councillor,The Councillor,2021
dynastic-spy-games,Kushiel's Legacy,Cassiel's Servant,2023
dynastic-spy-games,Kushiel's Legacy,Kushiel's Avatar,2003
dynastic-spy-games,Kushiel's Legacy,Kushiel's Chosen,2002
dynastic-spy-games,Kushiel's Legacy,Kushiel's Dart,2001
dynastic-spy-games,Kushiel's Legacy,Kushiel's Justice,2007
dynastic-spy-games,Kushiel's Legacy,Kushiel's Mercy,2008
dynastic-spy-games,Kushiel's Legacy,Kushiel's Scion,2006
dynastic-spy-games,Kushiel's Legacy,Naamah's Blessing,2011
dynastic-spy-games,Kushiel's Legacy,Naamah's Curse,2010
dynastic-spy-games,Kushiel's Legacy,Naamah's Kiss,2009
dynastic-spy-games,Rule,Rise,2019
dynastic-spy-games,Rule,Rule,2018
dynastic-spy-games,The Folk of the Air,The Cruel Prince,2018
dynastic-spy-games,The Folk of the Air,The Prisoner's Throne,2024
dynastic-spy-games,The Folk of the Air,The Queen of Nothing,2019
dynastic-spy-games,The Folk of the Air,The Stolen Heir,2023
dynastic-spy-games,The Folk of the Air,The Wicked King,2019
dynastic-spy-games,The Quickening,Bridge of Souls,2004
dynastic-wars,A Song of Ice and Fire,A Clash of Kings,1998
dynastic-wars,A Song of Ice and Fire,A Dance with Dragons,2011
dynastic-wars,A Song of Ice and Fire,A Feast for Crows,2005
dynastic-wars,A Song of Ice and Fire,A Game of Thrones,1996
dynastic-wars,A Song of Ice and Fire,A Storm of Swords,2000
dynastic-wars,Lords of Grass and Thunder,Lords of Grass and Thunder,2005
dynastic-wars,Shattered Sea,Half a King,2015
dynastic-wars,Shattered Sea,Half a War,2016
dynastic-wars,Shattered Sea,Half the World,2015
dynastic-wars,The Forgotten Beasts of Eld,The Forgotten Beasts of Eld,1974
dynastic-wars,The Power and the Pattern,Children of Enchantment,1996
dystopian-rebellion,Echo Hunter 367,Dissension,2016
dystopian-rebellion,Echo Hunter 367,Regeneration,2017
dystopian-rebellion,Inscape,Downfall,2023
dystopian-rebellion,Inscape,Inscape,2021
dystopian-rebellion,Inscape,Outcast,2022
dystopian-rebellion,Notes from a Regicide,Notes from a Regicide,2025
dystopian-rebellion,The Wild Boys,The Wild Boys,1971
earthborn,Ammonite,Ammonite,1993
earthborn,Citizen of the Galaxy,Citizen of the Galaxy,1957
earthborn,Hainish Cycle,City of Illusions,1967
earthborn,Hainish Cycle,Four Ways to Forgiveness,1995
earthborn,Hainish Cycle,Planet of Exile,1966
earthborn,Hainish Cycle,Rocannon's World,1966
earthborn,Hainish Cycle,The Dispossessed,1974
earthborn,Hainish Cycle,The Left Hand of Darkness,1969
earthborn,Hainish Cycle,The Telling,2000
earthborn,Hainish Cycle,The Word for World Is Forest,1972
ecotopian,Always Coming Home,Always Coming Home,1985
ecotopian,Ecotopia,Ecotopia Emerging,1981
ecotopian,Ecotopia,Ecotopia: The Notebooks and Reports of William Weston,1975
ecotopian,News from Nowhere,News from Nowhere,1890
ecotopian,The Bannerless Saga,Bannerless,2017
ecotopian,The Bannerless Saga,The Wild Dead,2018
ecotopian,The Bounceback,Dealbreaker,2021
ecotopian,The Bounceback,Gamechanger,2019
ecotopian,The Ministry for the Future,The Ministry for the Future,2020
ecotopian,The Terraformers,The Terraformers,2023
ecotopian,When There Are Wolves Again,When There Are Wolves Again,2025
elder-god-torment,Beneath the Rising,A Broken Darkness,2021
elder-god-torment,Beneath the Rising,Beneath the Rising,2020
elder-god-torment,Beneath the Rising,The Void Ascendant,2021
elder-god-torment,Providence,Providence,2018
elder-god-torment,Revelator,Revelator,2021
elder-god-torment,The Immaculate Void,The Immaculate Void,2018
elder-things-in-gaslight,"North Sun, or the Voyage of the Whaleship Esther","North Sun, or the Voyage of the Whaleship Esther",2025
elder-things-in-gaslight,The Cautious Traveller’s Guide to the Wastelands,The Cautious Traveller’s Guide to the Wastelands,2024
elder-things-in-gaslight,The Deep,The Deep,2020
elder-things-in-gaslight,The Legend of Charlie Fish,The Legend of Charlie Fish,2023
election-fantasy,Fire Becomes Her,Fire Becomes Her,2022
emancipation-fantasy,The Spice Gate,The Spice Gate,2024
enemy-lines-romantasy,Fire & Metal,Light Wielder,2026
enemy-lines-romantasy,Fire & Metal,Metal Slinger,2025
enemy-lines-romantasy,Riders of Earth and Sky,Daughter of the Wind,2026
enemy-lines-romantasy,The Halfling Saga,A Broken Blade,2022
enemy-lines-romantasy,The Halfling Saga,A Shadow Crown,2023
enemy-lines-romantasy,The Halfling Saga,A Vicious Game,2024
enemy-lines-romantasy,The Halfling Saga,An Honored Vow,2025
enemy-lines-romantasy,The Witches of Halstett,"Tonight, I Blaze",
enemy-lines-romantasy,The Witches of Halstett,"Tonight, I Bleed",2025
enemy-lines-romantasy,The Witches of Halstett,"Tonight, I Burn",2023
evergreen-quest-fantasy,"Memory, Sorrow, and Thorn",Brothers of the Wind,2021
evergreen-quest-fantasy,"Memory, Sorrow, and Thorn",Empire of Grass,2019
evergreen-quest-fantasy,"Memory, Sorrow, and Thorn",Into the Narrowdark,2022
evergreen-quest-fantasy,"Memory, Sorrow, and Thorn",Stone of Farewell,1990
evergreen-quest-fantasy,"Memory, Sorrow, and Thorn",The Dragonbone Chair,1988
evergreen-quest-fantasy,"Memory, Sorrow, and Thorn",The Heart of What Was Lost,2017
evergreen-quest-fantasy,"Memory, Sorrow, and Thorn",The Navigator's Children,2024
evergreen-quest-fantasy,"Memory, Sorrow, and Thorn",The Witchwood Crown,2017
evergreen-quest-fantasy,"Memory, Sorrow, and Thorn",To Green Angel Tower,1993
evergreen-quest-fantasy,Middle-earth,The Fellowship of the Ring,1954
evergreen-quest-fantasy,Middle-earth,The Hobbit,1937
evergreen-quest-fantasy,Middle-earth,The Return of the King,1955
evergreen-quest-fantasy,Middle-earth,The Silmarillion,1977
evergreen-quest-fantasy,Middle-earth,The Two Towers,1954
evergreen-quest-fantasy,Shannara,A Knight of the Word,1998
evergreen-quest-fantasy,Shannara,Angel Fire East,1999
evergreen-quest-fantasy,Shannara,Armageddon's Children,2006
evergreen-quest-fantasy,Shannara,Bearers of the Black Staff,2010
evergreen-quest-fantasy,Shannara,Bloodfire Quest,2013
evergreen-quest-fantasy,Shannara,Brona,2026
evergreen-quest-fantasy,Shannara,First King of Shannara,1996
evergreen-quest-fantasy,Shannara,Galaphile,2025
evergreen-quest-fantasy,Shannara,Ilse Witch,2000
evergreen-quest-fantasy,Shannara,Jarka Ruus,2003
evergreen-quest-fantasy,Shannara,Morgawr,2002
evergreen-quest-fantasy,Shannara,Running with the Demon,1997
evergreen-quest-fantasy,Shannara,Straken,2005
evergreen-quest-fantasy,Shannara,Tanequil,2004
evergreen-quest-fantasy,Shannara,The Black Elfstone,2017
evergreen-quest-fantasy,Shannara,The Darkling Child,2016
evergreen-quest-fantasy,Shannara,The Druid of Shannara,1991
evergreen-quest-fantasy,Shannara,The Elf Queen of Shannara,1992
evergreen-quest-fantasy,Shannara,The Elfstones of Shannara,1982
evergreen-quest-fantasy,Shannara,The Elves of Cintra,2007
evergreen-quest-fantasy,Shannara,The Gypsy Morph,2008
evergreen-quest-fantasy,Shannara,The High Druid's Blade,2014
evergreen-quest-fantasy,Shannara,The Last Druid,2020
evergreen-quest-fantasy,Shannara,The Measure of the Magic,2011
evergreen-quest-fantasy,Shannara,The Scions of Shannara,1990
evergreen-quest-fantasy,Shannara,The Skaar Invasion,2018
evergreen-quest-fantasy,Shannara,The Sorcerer's Daughter,2017
evergreen-quest-fantasy,Shannara,The Stiehl Assassin,2019
evergreen-quest-fantasy,Shannara,The Sword of Shannara,1977
evergreen-quest-fantasy,Shannara,The Talismans of Shannara,1993
evergreen-quest-fantasy,Shannara,The Wishsong of Shannara,1985
evergreen-quest-fantasy,Shannara,Wards of Faerie,2012
evergreen-quest-fantasy,Shannara,Witch Wraith,2013
evergreen-quest-fantasy,The Belgariad,Castle of Wizardry,1984
evergreen-quest-fantasy,The Belgariad,Enchanters' End Game,1984
evergreen-quest-fantasy,The Belgariad,Magician's Gambit,1983
evergreen-quest-fantasy,The Belgariad,Pawn of Prophecy,1982
evergreen-quest-fantasy,The Belgariad,Queen of Sorcery,1982
evergreen-quest-fantasy,The Chronicles of Prydain,Taran Wanderer,1967
evergreen-quest-fantasy,The Chronicles of Prydain,The Black Cauldron,1965
evergreen-quest-fantasy,The Chronicles of Prydain,The Book of Three,1964
evergreen-quest-fantasy,The Chronicles of Prydain,The Castle of Llyr,1966
evergreen-quest-fantasy,The Chronicles of Prydain,The High King,1968
evergreen-space-opera,Dune,Chapterhouse: Dune,1985
evergreen-space-opera,Dune,Children of Dune,1976
evergreen-space-opera,Dune,Dune,1965
evergreen-space-opera,Dune,Dune Messiah,1969
evergreen-space-opera,Dune,God Emperor of Dune,1981
evergreen-space-opera,Dune,Heretics of Dune,1984
evergreen-sword-and-sorcery,Conan,Conan,1967
evergreen-sword-and-sorcery,Conan,Conan and the Spider God,1980
evergreen-sword-and-sorcery,Conan,Conan of Aquilonia,1977
evergreen-sword-and-sorcery,Conan,Conan of Cimmeria,1969
evergreen-sword-and-sorcery,Conan,Conan of the Isles,1968
evergreen-sword-and-sorcery,Conan,Conan the Adventurer,1966
evergreen-sword-and-sorcery,Conan,Conan the Avenger,1968
evergreen-sword-and-sorcery,Conan,Conan the Buccaneer,1971
evergreen-sword-and-sorcery,Conan,Conan the Conqueror,1950
evergreen-sword-and-sorcery,Conan,Conan the Freebooter,1968
evergreen-sword-and-sorcery,Conan,Conan the Usurper,1967
evergreen-sword-and-sorcery,Conan,Conan the Wanderer,1968
evergreen-sword-and-sorcery,Conan,Conan the Warrior,1967
evergreen-sword-and-sorcery,Elric of Melniboné,Elric of Melniboné,1972
evergreen-sword-and-sorcery,Elric of Melniboné,Stormbringer,1965
evergreen-sword-and-sorcery,Elric of Melniboné,The Bane of the Black Sword,1977
evergreen-sword-and-sorcery,Elric of Melniboné,The Sailor on the Seas of Fate,1976
evergreen-sword-and-sorcery,Elric of Melniboné,The Sleeping Sorceress,1971
evergreen-sword-and-sorcery,Elric of Melniboné,The Weird of the White Wolf,1977
extra-dimensional-awareness,Flux,Flux,2023
extra-dimensional-awareness,Slaughterhouse-Five,Slaughterhouse-Five,1969
fae-founders,Dreams and Shadows,Dreams and Shadows,2013
fae-founders,Dreams and Shadows,Queen of the Dark Things,2014
fae-founders,Maggie Graham series,Spellcast,2011
fae-founders,Maggie Graham series,Spellcrossed,2012
fae-founders,October Daye,A Killing Frost,2020
fae-founders,October Daye,A Local Habitation,2010
fae-founders,October Daye,A Red-Rose Chain,2015
fae-founders,October Daye,An Artificial Night,2010
fae-founders,October Daye,Ashes of Honor,2012
fae-founders,October Daye,Be the Serpent,2022
fae-founders,October Daye,Chimes at Midnight,2013
fae-founders,October Daye,Late Eclipses,2011
fae-founders,October Daye,Night and Silence,2018
fae-founders,October Daye,Once Broken Faith,2016
fae-founders,October Daye,One Salt Sea,2011
fae-founders,October Daye,Rosemary and Rue,2009
fae-founders,October Daye,Sleep No More,2023
fae-founders,October Daye,The Brightest Fell,2017
fae-founders,October Daye,The Innocent Sleep,2023
fae-founders,October Daye,The Unkindest Tide,2019
fae-founders,October Daye,The Winter Long,2014
fae-founders,October Daye,When Sorrows Come,2021
fae-founders,The Changeling,The Changeling,2017
fae-founders,The Darkest Part of the Forest,The Darkest Part of the Forest,2015
fae-founders,The Dresden Files,Battle Ground,2020
fae-founders,The Dresden Files,Blood Rites,2004
fae-founders,The Dresden Files,Changes,2010
fae-founders,The Dresden Files,Cold Days,2012
fae-founders,The Dresden Files,Dead Beat,2005
fae-founders,The Dresden Files,Death Masks,2003
fae-founders,The Dresden Files,Fool Moon,2001
fae-founders,The Dresden Files,Ghost Story,2011
fae-founders,The Dresden Files,Grave Peril,2001
fae-founders,The Dresden Files,Peace Talks,2020
fae-founders,The Dresden Files,Proven Guilty,2006
fae-founders,The Dresden Files,Skin Game,2014
fae-founders,The Dresden Files,Small Favor,2008
fae-founders,The Dresden Files,Storm Front,2000
fae-founders,The Dresden Files,Summer Knight,2002
fae-founders,The Dresden Files,Turn Coat,2009
fae-founders,The Dresden Files,Twelve Months,2026
fae-founders,The Dresden Files,White Night,2007
fae-founders,The Tufa Novels,Chapel of Ease,2016
fae-founders,The Tufa Novels,Gather Her Round,2017
fae-founders,The Tufa Novels,Long Black Curl,2015
fae-founders,The Tufa Novels,The Fairies of Sadieville,2018
fae-founders,The Tufa Novels,The Hum and the Shiver,2011
fae-founders,The Tufa Novels,Wisp of a Thing,2013
fae-founders,The Witch King,The Fae Keeper,2022
fae-founders,The Witch King,The Witch King,2021
fae-founders,War for the Oaks,War for the Oaks,1987
faeries-in-gaslight,A Market of Dreams and Destiny,A Market of Dreams and Destiny,2023
faeries-in-gaslight,At the Back of the North Wind,At the Back of the North Wind,1871
faeries-in-gaslight,Emily Wilde's Encyclopaedia of Faeries,Emily Wilde's Encyclopaedia of Faeries,2023
faeries-in-gaslight,Jonathan Strange & Mr Norrell,Jonathan Strange & Mr Norrell,2004
faeries-in-gaslight,The Adventures of Mary Darling,The Adventures of Mary Darling,2025
faeries-in-gaslight,The Falconer Trilogy,The Falconer,2014
faeries-in-gaslight,The Falconer Trilogy,The Fallen Kingdom,2017
faeries-in-gaslight,The Falconer Trilogy,The Vanishing Throne,2016
fairytale-expansion,After the Forest,After the Forest,2023
fairytale-expansion,"Alliana, Girl of Dragons","Alliana, Girl of Dragons",2022
fairytale-expansion,Blanca & Roja,Blanca & Roja,2018
fairytale-expansion,Defenders of Lore,God of Neverland,2021
fairytale-expansion,Defenders of Lore,Queens of Wonderland,2023
fairytale-expansion,Hemlock & Silver,Hemlock & Silver,2025
fairytale-expansion,Sleep Like Death,Sleep Like Death,2024
fairytale-expansion,Spinning Silver,Spinning Silver,2018
fairytale-expansion,The Tinder Box,The Tinder Box,2026
fairytale-expansion,Uprooted,Uprooted,2015
fairytale-inversion,Damsel,Damsel,2018
fairytale-inversion,Damsel (Evelyn Skye),Damsel,2023
fairytale-inversion,Rump,Grump: The (Fairly) True Tale of Snow White and the Seven Dwarves,2018
fairytale-inversion,Rump,Jack: The True Story of Jack and the Beanstalk,2015
fairytale-inversion,Rump,Red: The True Story of Red Riding Hood,2016
fairytale-inversion,Rump,Rump: The (Fairly) True Tale of Rumpelstiltskin,2013
fairytale-inversion,Sour Cherry,Sour Cherry,2025
fairytale-inversion,The Bloody Chamber and Other Stories,The Bloody Chamber and Other Stories,1979
fairytale-inversion,We Kept Her in the Cellar,We Kept Her in the Cellar,2024
fairytale-inversion,Wicked,Wicked,1995
fairytale-transplant,Castle of the Cursed,Castle of the Cursed,2024
fairytale-transplant,Dark and Deepest Red,Dark and Deepest Red,2020
fairytale-transplant,Enchantment,Enchantment,1999
fairytale-transplant,Fishbone Cinderella,Fishbone Cinderella,2026
fairytale-transplant,Gingerbread,Gingerbread,2019
fairytale-transplant,Jasmyn,Jasmyn,2009
fairytale-transplant,Mapping the Bones,Mapping the Bones,2018
fairytale-transplant,Red Hood,Red Hood,2020
fairytale-transplant,Summer in the City of Roses,Summer in the City of Roses,2021
fairytalesque-quest-fantasy,Half-Witch,Half-Witch,2018
fairytalesque-quest-fantasy,Marabel and the Book of Fate,Marabel and the Book of Fate,2018
fairytalesque-quest-fantasy,Nettle & Bone,Nettle & Bone,2022
fairytalesque-quest-fantasy,Song of the Crimson Flower,Song of the Crimson Flower,2019
fairytalesque-quest-fantasy,Spindlefish and Stars,Spindlefish and Stars,2020
fairytalesque-quest-fantasy,The 13 Clocks,The 13 Clocks,1950
fairytalesque-quest-fantasy,The Girl Who Drank the Moon,The Girl Who Drank the Moon,2016
fairytalesque-quest-fantasy,The Story of the Glittering Plain,The Story of the Glittering Plain,1891
fairytalesque-quest-fantasy,The Witch's Boy,The Witch's Boy,2014
fangs-out-fantasy,Anno Dracula,Anno Dracula,1992
fangs-out-fantasy,Anno Dracula,Anno Dracula 1999: Daikaiju,2019
fangs-out-fantasy,Anno Dracula,Dracula Cha Cha Cha,1998
fangs-out-fantasy,Anno Dracula,Johnny Alucard,2013
fangs-out-fantasy,Anno Dracula,One Thousand Monsters,2017
fangs-out-fantasy,Anno Dracula,The Bloody Red Baron,1995
fangs-out-fantasy,Sunshine,Sunshine,2003
fangs-out-fantasy,The Coldest Girl in Coldtown,The Coldest Girl in Coldtown,2013
fantastic-voyage,Gulliver's Travels,Gulliver's Travels,1726
far-future-first-contact,Blindsight,Blindsight,2006
far-future-first-contact,Blindsight,Echopraxia,2014
far-future-first-contact,Chercher La Femme,Chercher La Femme,2018
far-future-first-contact,Embassytown,Embassytown,2011
far-future-first-contact,Lilith's Brood,Adulthood Rites,1988
far-future-first-contact,Lilith's Brood,Dawn,1987
far-future-first-contact,Lilith's Brood,Imago,1989
far-future-first-contact,Rama,Rama II,1989
far-future-first-contact,Rama,Rama Revealed,1993
far-future-first-contact,Rama,Rendezvous with Rama,1973
far-future-first-contact,Rama,The Garden of Rama,1991
far-future-first-contact,Solaris,Solaris,1961
far-future-first-contact,The Mote in God's Eye,The Gripping Hand,1993
far-future-first-contact,The Mote in God's Eye,The Mote in God's Eye,1974
far-future-first-contact,The Star Quest Trilogy,Apes and Angels,2016
far-future-first-contact,The Star Quest Trilogy,Death Wave,2015
far-future-first-contact,The Star Quest Trilogy,New Earth,2013
far-future-first-contact,The Star Quest Trilogy,Survival,2017
far-future-planetary-romance,Aetherbound,Aetherbound,2021
far-future-planetary-romance,Aetherbound,Sky on Fire,2025
far-future-planetary-romance,Antasy,Prophets of the Ghost Ants,2011
far-future-planetary-romance,Antasy,The Ghost Ants of Grylladesh,2021
far-future-planetary-romance,Antasy,The Prophet of the Termite God,2019
far-future-planetary-romance,War of the Maps,War of the Maps,2020
feminist-utopia,Herland,Herland,1915
feminist-utopia,The Female Man,The Female Man,1975
feral-house,A Haunting on the Hill,A Haunting on the Hill,2023
feral-house,Starling House,Starling House,2023
feral-house,White Smoke,White Smoke,2021
fifth-sun,Between Earth and Sky,Black Sun,2020
fifth-sun,Between Earth and Sky,Fevered Star,2022
fifth-sun,Between Earth and Sky,Mirrored Heavens,2024
fledgling-mage,Animist,Animist,2000
fledgling-mage,Bodies of Magic,Bodies of Magic,2026
fledgling-mage,Earthsea,A Wizard of Earthsea,1968
fledgling-mage,Earthsea,Tales from Earthsea,2001
fledgling-mage,Earthsea,Tehanu,1990
fledgling-mage,Earthsea,The Farthest Shore,1972
fledgling-mage,Earthsea,The Other Wind,2001
fledgling-mage,Earthsea,The Tombs of Atuan,1971
fledgling-mage,Saint Death's Daughter,Saint Death's Daughter,2022
fledgling-mage,Spellslinger,Charmcaster,2018
fledgling-mage,Spellslinger,Crownbreaker,2019
fledgling-mage,Spellslinger,Queenslayer,2019
fledgling-mage,Spellslinger,Shadowblack,2017
fledgling-mage,Spellslinger,Soulbinder,2018
fledgling-mage,Spellslinger,Spellslinger,2017
fledgling-mage,The Scholomance,A Deadly Education,2020
fledgling-mage,The Scholomance,The Golden Enclaves,2022
fledgling-mage,The Scholomance,The Last Graduate,2021
fledgling-mage,The Warden,The Warden,2023
fledgling-mage,The Wild Hunt,Songs of the Earth,2011
fledgling-mage,The Wild Hunt,The Raven's Shadow,2014
fledgling-mage,The Wild Hunt,Trinity Rising,2013
flesh-of-marvel,Grimus,Grimus,1975
flesh-of-marvel,Orlando,Orlando,1928
flesh-of-marvel,Our Wives Under the Sea,Our Wives Under the Sea,2022
flesh-of-marvel,The Moth Girl,The Moth Girl,2022
flesh-of-marvel,The Satanic Verses,The Satanic Verses,1988
flesh-of-marvel,The Tin Drum,The Tin Drum,1959
folk-horror,Into the Light,Into the Light,2023
folk-horror,Lapvona,Lapvona,2022
folk-horror,Snake-Eater,Snake-Eater,2025
folk-horror,The Honeys,The Honeys,2022
folk-horror,The Unmothers,The Unmothers,2024
found-magic,All Our Hidden Gifts,All Our Hidden Gifts,2021
found-magic,All Our Hidden Gifts,Every Gift a Curse,2023
found-magic,All Our Hidden Gifts,The Gifts That Bind Us,2022
found-magic,All the Birds in the Sky,All the Birds in the Sky,2016
found-magic,Bedlam Boyz,Bedlam Boyz,1993
found-magic,Bitter,Bitter,2022
found-magic,Night Swimming,Night Swimming,2025
found-magic,Spell Bound,Spell Bound,2023
found-magic,The Scapegracers,The Feast Makers,2024
found-magic,The Scapegracers,The Scapegracers,2020
found-magic,The Scapegracers,The Scratch Daughters,2022
fungal-horror,Mexican Gothic,Mexican Gothic,2020
fungal-horror,The Marigold,The Marigold,2023
fungal-horror,What Moves the Dead,What Feasts at Night,2024
fungal-horror,What Moves the Dead,What Moves the Dead,2022
fungal-horror,What Moves the Dead,What Stalks the Deep,2025
future-history-in-space,Alliance-Union,Cyteen,1988
future-history-in-space,Alliance-Union,Downbelow Station,1981
future-history-in-space,Alliance-Union,Regenesis,2009
future-history-in-space,ConSentiency,The Dosadi Experiment,1977
future-history-in-space,ConSentiency,Whipping Star,1970
future-history-in-space,Foundation,Forward the Foundation,1993
future-history-in-space,Foundation,Foundation,1951
future-history-in-space,Foundation,Foundation and Earth,1986
future-history-in-space,Foundation,Foundation and Empire,1952
future-history-in-space,Foundation,Foundation's Edge,1982
future-history-in-space,Foundation,Pebble in the Sky,1950
future-history-in-space,Foundation,Prelude to Foundation,1988
future-history-in-space,Foundation,Second Foundation,1953
future-history-in-space,Foundation,The Currents of Space,1952
future-history-in-space,Foundation,"The Stars, Like Dust",1951
future-history-in-space,Island Worlds,Act of God,1985
future-history-in-space,Island Worlds,Between the Stars,1988
future-history-in-space,Island Worlds,Delta Pavonis,1990
future-history-in-space,Island Worlds,The Island Worlds,1987
future-history-in-space,Norstrilia,Norstrilia,1975
future-history-in-space,Slow Gods,Slow Gods,2025
future-history-of-earth,Bold as Love,Band of Gypsys,2005
future-history-of-earth,Bold as Love,Bold as Love,2001
future-history-of-earth,Bold as Love,Castles Made of Sand,2002
future-history-of-earth,Bold as Love,Midnight Lamp,2003
future-history-of-earth,Bold as Love,Rainbow Bridge,2006
future-history-of-earth,City,City,1952
future-history-of-earth,Journey Beyond Tomorrow,Journey Beyond Tomorrow,1962
future-history-of-earth,Last and First Men,Last and First Men,1930
future-history-of-earth,The Old Drift,The Old Drift,2019
future-history-of-earth,The Walking Shadow,The Walking Shadow,1979
future-social-sf,The Age of the Pussyfoot,The Age of the Pussyfoot,1969
future-social-sf,The Tongue Trade,The Tongue Trade,2024
future-war,Blood & Fire,Heart of Granite,2016
future-war,Rogue Sequence,Rogue Sequence,2025
future-war,Slave Ship,Slave Ship,1956
future-war,Terminator 3 novels,Terminator Dreams,2003
future-war,Terminator 3 novels,Terminator Hunt,2004
future-war,The Dragon in the Sea,The Dragon in the Sea,1956
future-war,War Girls,Rebel Sisters,2020
future-war,War Girls,War Girls,2019
gaslight-technomancy,Babel,Babel,2022
gaslight-technomancy,Fata Morgana,Fata Morgana,1977
gaslight-technomancy,The Electric Empire,The Dastardly Miss Lizzie,2017
gaslight-technomancy,The Electric Empire,The Devious Dr. Jekyll,2015
gaslight-technomancy,The Electric Empire,The Diabolical Miss Hyde,2015
gaslight-technomancy,The Extraordinary Adventures of the Athena Club,European Travel for the Monstrous Gentlewoman,2018
gaslight-technomancy,The Extraordinary Adventures of the Athena Club,The Sinister Mystery of the Mesmerizing Girl,2019
gaslight-technomancy,The Extraordinary Adventures of the Athena Club,The Strange Case of the Alchemist's Daughter,2017
gateway-multiverse-fantasy,Magic Kingdom of Landover,A Princess of Landover,2009
gateway-multiverse-fantasy,Magic Kingdom of Landover,Magic Kingdom for Sale--Sold!,1986
gateway-multiverse-fantasy,Magic Kingdom of Landover,The Black Unicorn,1987
gateway-multiverse-fantasy,Magic Kingdom of Landover,The Tangle Box,1994
gateway-multiverse-fantasy,Magic Kingdom of Landover,Witches' Brew,1995
gateway-multiverse-fantasy,Magic Kingdom of Landover,Wizard at Large,1988
gateway-multiverse-fantasy,Millennium's Rule,Angel of Storms,2015
gateway-multiverse-fantasy,Millennium's Rule,Maker's Curse,2020
gateway-multiverse-fantasy,Millennium's Rule,Successor's Promise,2017
gateway-multiverse-fantasy,Millennium's Rule,Thief's Magic,2014
gateway-multiverse-fantasy,Mode,DoOon Mode,2001
gateway-multiverse-fantasy,The Edge,Bayou Moon,2010
gateway-multiverse-fantasy,The Edge,Fate's Edge,2011
gateway-multiverse-fantasy,The Edge,On the Edge,2009
gateway-multiverse-fantasy,The Edge,Steel's Edge,2012
gateway-multiverse-fantasy,The Hollow Places,The Hollow Places,2020
gateway-multiverse-fantasy,The Incomplete Enchanter,The Castle of Iron,1950
gateway-multiverse-fantasy,The Incomplete Enchanter,The Incomplete Enchanter,1941
gateway-multiverse-fantasy,The Incomplete Enchanter,Wall of Serpents,1960
gateway-multiverse-fantasy,The Keeper's Six,The Keeper's Six,2024
gateway-multiverse-fantasy,The Mither Mages,Gatefather,2015
gateway-multiverse-fantasy,The Mither Mages,The Gate Thief,2013
gateway-multiverse-fantasy,The Mither Mages,The Lost Gate,2011
genetic-caste-fiction,Invasive Procedures,Invasive Procedures,2007
genetic-caste-fiction,Sorrowland,Sorrowland,2021
genetic-caste-fiction,The End of Ordinary,The End of Ordinary,2018
genetic-caste-fiction,The Eyes of Heisenberg,The Eyes of Heisenberg,1966
genetic-caste-fiction,Three Days in April,Three Days in April,2016
genso,Empress of All Seasons,Empress of All Seasons,2018
genso,Green Bone Saga,Jade City,2017
genso,Green Bone Saga,Jade Legacy,2021
genso,Green Bone Saga,Jade War,2019
genso,Steel Crow Saga,Steel Crow Saga,2019
genso,The Sword of Kaigen,The Sword of Kaigen,2019
ghost-sleuth-fantasy,Mortedant's Peril,Mortedant's Peril,2026
ghost-sleuth-fantasy,The Briar Book of the Dead,The Briar Book of the Dead,2024
ghost-sleuth-fantasy,The Cunning Man,The Cunning Man,2019
ghost-sleuth-fantasy,The Cunning Man,The Familiar Spirit,2025
ghost-sleuth-fantasy,The Cunning Man,The Jupiter Knife,2020
ghost-speakers,Beyond Black,Beyond Black,2005
ghost-speakers,Riddance,Riddance,2018
ghost-speakers,The Reformatory,The Reformatory,2023
ghost-speakers,The Spirit Bares Its Teeth,The Spirit Bares Its Teeth,2023
godforsaken-realms,Asunder,Asunder,2024
godforsaken-realms,Deepgate Codex,God of Clocks,2009
godforsaken-realms,Deepgate Codex,Iron Angel,2008
godforsaken-realms,Deepgate Codex,Scar Night,2006
godforsaken-realms,Season of Fear,Season of Fear,2025
godforsaken-realms,The Black Iron Legacy,The Broken God,2021
godforsaken-realms,The Black Iron Legacy,The Gutter Prayer,2019
godforsaken-realms,The Black Iron Legacy,The Shadow Saint,2020
godforsaken-realms,The Innkeeper's Song,The Innkeeper's Song,1993
godgame,Fourth Mansions,Fourth Mansions,1969
gossip-fantasy,Regency Faerie Tales,Half a Soul,2020
gossip-fantasy,Regency Faerie Tales,Longshadow,2021
gossip-fantasy,Regency Faerie Tales,Ten Thousand Stitches,2020
gossip-fantasy,The Kingston Cycle,Soulstar,2021
gossip-fantasy,The Kingston Cycle,Stormsong,2020
gossip-fantasy,The Kingston Cycle,Witchmark,2018
gossip-fantasy,The Western Lights,The House in the High Wood,2001
graybeard-mage,Age of Darkness,Battlemage,2015
graybeard-mage,Age of Darkness,Bloodmage,2016
graybeard-mage,Age of Darkness,Chaosmage,2016
graybeard-mage,Age of Darkness,Magebane,2019
graybeard-mage,Age of Darkness,Mageborn,2017
graybeard-mage,Age of Darkness,Magefall,2018
graybeard-mage,Rai-kirah,Restoration,2002
graybeard-mage,Rai-kirah,Revelation,2001
graybeard-mage,Rai-kirah,Transformation,2000
graybeard-mage,The Rise of the Witch King,Queen Demon,2025
graybeard-mage,The Rise of the Witch King,Witch King,2023
graybeard-mage,Unraveller,Unraveller,2022
greek-god-fantasy,Aphrodite in Pieces,Aphrodite in Pieces,2026
greek-god-fantasy,Circe,Circe,2018
greek-god-fantasy,Lovely War,Lovely War,2019
greek-god-fantasy,Medusa's Sisters,Medusa's Sisters,2023
greek-god-fantasy,The Just City,Necessity,2016
greek-god-fantasy,The Just City,The Just City,2015
greek-god-fantasy,The Just City,The Philosopher Kings,2015
greek-hero-fantasy,Phaedra,Phaedra,2023
greek-hero-fantasy,The Minotaur Trilogy,Cry Silver Bells,1977
greek-hero-fantasy,The Minotaur Trilogy,Day of the Minotaur,1966
greek-hero-fantasy,The Minotaur Trilogy,The Forest of Forever,1971
greek-hero-fantasy,The Phoenix and the Mirror,The Phoenix and the Mirror,1969
greek-hero-fantasy,The Song of Achilles,The Song of Achilles,2011
greek-hero-fantasy,Wearing the Lion,Wearing the Lion,2025
greek-hero-fantasy,Wrath Goddess Sing,Wrath Goddess Sing,2022
grief-imprinted,Cicadas Sing of Summer Graves,Cicadas Sing of Summer Graves,2023
grief-imprinted,Peace,Peace,1975
griot,One Way Witch,One Way Witch,2025
griot,The Dance of Shadows,A Testimony of Blood,2025
griot,The Dance of Shadows,The Dance of Shadows,2024
griot,The Dark Star Trilogy,"Black Leopard, Red Wolf",2019
griot,The Dark Star Trilogy,"Moon Witch, Spider King",2022
ground-pounders,Old Man's War,Old Man's War,2005
ground-pounders,Old Man's War,The End of All Things,2015
ground-pounders,Old Man's War,The Ghost Brigades,2006
ground-pounders,Old Man's War,The Human Division,2013
ground-pounders,Old Man's War,The Last Colony,2007
ground-pounders,Old Man's War,The Shattering Peace,2025
ground-pounders,Old Man's War,Zoe's Tale,2008
ground-pounders,Red Sword,Red Sword,2025
ground-pounders,Starship Troopers,Starship Troopers,1959
ground-pounders,The Chronicles of Promise Paen,Indomitable,2016
ground-pounders,The Chronicles of Promise Paen,Unbreakable,2015
ground-pounders,The Forever War,Forever Free,1999
ground-pounders,The Forever War,The Forever War,1974
ground-pounders,The Light Brigade,The Light Brigade,2019
ground-pounders,The Veteran Series,Veteran,2010
ground-pounders,The Veteran Series,War in Heaven,2011
ground-pounders,War Dogs,Killing Titan,2015
ground-pounders,War Dogs,Take Back the Sky,2016
ground-pounders,War Dogs,War Dogs,2014
hard-alien,A Fire Upon the Deep,A Deepness in the Sky,1999
hard-alien,A Fire Upon the Deep,A Fire Upon the Deep,1992
hard-alien,A Fire Upon the Deep,The Children of the Sky,2011
hard-alien,Galactic Center Saga,Across the Sea of Suns,1984
hard-alien,Galactic Center Saga,Furious Gulf,1994
hard-alien,Galactic Center Saga,In the Ocean of Night,1977
hard-alien,Galactic Center Saga,Tides of Light,1989
hard-alien,Kefahuchi Tract,Empty Space: A Haunting,2012
hard-alien,Kefahuchi Tract,Light,2002
hard-alien,Kefahuchi Tract,Nova Swing,2006
hard-alien,The Algebraist,The Algebraist,2004
hard-alien,The Expanse,Abaddon's Gate,2013
hard-alien,The Expanse,Babylon's Ashes,2016
hard-alien,The Expanse,Caliban's War,2012
hard-alien,The Expanse,Cibola Burn,2014
hard-alien,The Expanse,Leviathan Falls,2021
hard-alien,The Expanse,Leviathan Wakes,2011
hard-alien,The Expanse,Nemesis Games,2015
hard-alien,The Expanse,Persepolis Rising,2017
hard-alien,The Expanse,Tiamat's Wrath,2019
hard-alien,The Final Architecture,Eyes of the Void,2022
hard-alien,The Final Architecture,Lords of Uncreation,2023
hard-alien,The Final Architecture,Shards of Earth,2021
hard-alien,Uplift,Brightness Reef,1995
hard-alien,Uplift,Heaven's Reach,1998
hard-alien,Uplift,Infinity's Shore,1996
hard-alien,Uplift,Startide Rising,1983
hard-alien,Uplift,Sundiver,1980
hard-alien,Uplift,The Uplift War,1987
hard-science-fantasy,City Under the Stars,City Under the Stars,2020
hard-science-fantasy,Jack of Shadows,Jack of Shadows,1971
hard-science-fantasy,Lord of Light,Lord of Light,1967
hard-science-fantasy,Riverworld,Gods of Riverworld,1983
hard-science-fantasy,Riverworld,The Dark Design,1977
hard-science-fantasy,Riverworld,The Fabulous Riverboat,1971
hard-science-fantasy,Riverworld,The Magic Labyrinth,1980
hard-science-fantasy,Riverworld,To Your Scattered Bodies Go,1971
hard-science-fantasy,The Siege of Burning Grass,The Siege of Burning Grass,2024
hard-science-fantasy,The Wings Upon Her Back,The Wings Upon Her Back,2024
hard-time-travel,Cowl,Cowl,2005
hard-time-travel,The Thousand Earths,The Thousand Earths,2022
hard-time-travel,Timescape,Timescape,1980
haunt-and-seek,Bag of Bones,Bag of Bones,1998
haunt-and-seek,The House of War and Witness,The House of War and Witness,2014
haunt-and-seek,lost boy lost girl,lost boy lost girl,2003
haunted-objects,Ghoster,Ghoster,2019
haunted-objects,The Midnight Timetable,The Midnight Timetable,2025
haunted-realms,Among Ghosts,Among Ghosts,2025
haunted-realms,The Death of Jane Lawrence,The Death of Jane Lawrence,2021
haunted-realms,The Path of Thorns,The Path of Thorns,2022
haunted-realms,Weavingshaw,Weavingshaw,2026
haunted-wilds,Echo,Echo,2022
haunted-wilds,Hokuloa Road,Hokuloa Road,2022
haunted-wilds,Imaginary Friend,Imaginary Friend,2019
haunted-wilds,Road of Bones,Road of Bones,2022
haunted-wilds,The Toll,The Toll,2019
haunted-wilds,The Twisted Ones,The Twisted Ones,2019
hellscape-horror,Between Two Fires,Between Two Fires,2012
hellscape-horror,Black Easter,Black Easter,1968
hellscape-horror,Black Easter,The Day After Judgment,1971
hellscape-horror,House of Bone and Rain,House of Bone and Rain,2024
hidden-heir-quest-fantasy,Riddle-Master,Harpist in the Wind,1979
hidden-heir-quest-fantasy,Riddle-Master,Heir of Sea and Fire,1977
hidden-heir-quest-fantasy,Riddle-Master,The Riddle-Master of Hed,1976
hidden-heir-quest-fantasy,Seven Brothers,Prince of Dreams,2003
hidden-heir-quest-fantasy,Seven Brothers,The Gates of Heaven,2004
hidden-heir-quest-fantasy,Seven Brothers,The Prince of Shadow,2002
hidden-heir-quest-fantasy,The Stoneways Trilogy,Reiffen's Choice,2006
hidden-heir-quest-fantasy,Valisar,Royal Exile,2008
hidden-history-sf,51,51,2022
hidden-history-sf,Eifelheim,Eifelheim,2006
hidden-history-sf,The Inheritors,The Inheritors,1955
hidden-history-sf,Wild Seed,Clay's Ark,1984
hidden-history-sf,Wild Seed,Mind of My Mind,1977
hidden-history-sf,Wild Seed,Patternmaster,1976
hidden-history-sf,Wild Seed,Wild Seed,1980
hollow-earth,Journey to the Center of the Earth,Journey to the Center of the Earth,1864
hollow-earth,Land Under England,Land Under England,1935
hollow-earth,The Narrative of Arthur Gordon Pym of Nantucket,The Narrative of Arthur Gordon Pym of Nantucket,1838
hollow-earth,Valley of the Flame,Valley of the Flame,1946
homebrew-time-machines,Dirk Gently,Dirk Gently's Holistic Detective Agency,1987
homebrew-time-machines,Dirk Gently,The Long Dark Tea-Time of the Soul,1988
homebrew-time-machines,Doctor Who: Shada,Doctor Who: Shada,2012
homebrew-time-machines,The Dancers at the End of Time,An Alien Heat,1972
homebrew-time-machines,The Dancers at the End of Time,The End of All Songs,1976
homebrew-time-machines,The Dancers at the End of Time,The Hollow Lands,1974
homebrew-time-machines,The Door into Summer,The Door into Summer,1957
homebrew-time-machines,The Silver Wind,The Silver Wind,2011
homebrew-time-machines,The Time Machine,The Time Machine,1895
homebrew-time-machines,The Time Ships,The Time Ships,1995
homebrew-time-machines,Time Enough for Love,Time Enough for Love,1973
hometown-of-marvels,Dwelling,Dwelling,2025
hometown-of-marvels,Green Town,Dandelion Wine,1957
hometown-of-marvels,Green Town,Farewell Summer,2006
hometown-of-marvels,Green Town,"Summer Morning, Summer Night",2007
hometown-of-marvels,Honeyeater,Honeyeater,2025
hometown-of-marvels,Into the Sun,Into the Sun,1937
hometown-of-marvels,The Shipbuilder of Bellfairie,The Shipbuilder of Bellfairie,2021
humble-origins-quest-fantasy,Green Rider,Blackveil,2011
humble-origins-quest-fantasy,Green Rider,Falling in a Sea of Stars,2025
humble-origins-quest-fantasy,Green Rider,Firebrand,2017
humble-origins-quest-fantasy,Green Rider,First Rider's Call,2003
humble-origins-quest-fantasy,Green Rider,Green Rider,1998
humble-origins-quest-fantasy,Green Rider,Mirror Sight,2014
humble-origins-quest-fantasy,Green Rider,The High King's Tomb,2007
humble-origins-quest-fantasy,Green Rider,Winterlight,2021
humble-origins-quest-fantasy,Legacy of the Stone Harp,The Darkling Fields of Arvon,2009
humble-origins-quest-fantasy,Legacy of the Stone Harp,The Stoneholding,2009
humble-origins-quest-fantasy,The Dragon Wizard,The Dragon's Apprentice,2020
humble-origins-quest-fantasy,The Dragon Wizard,The Dragon's Boy,2020
humble-origins-quest-fantasy,The Riftwar Saga,A Darkness at Sethanon,1986
humble-origins-quest-fantasy,The Riftwar Saga,Magician,1982
humble-origins-quest-fantasy,The Riftwar Saga,Silverthorn,1985
humble-origins-quest-fantasy,The Sword of Truth,Blood of the Fold,1996
humble-origins-quest-fantasy,The Sword of Truth,Chainfire,2005
humble-origins-quest-fantasy,The Sword of Truth,Confessor,2007
humble-origins-quest-fantasy,The Sword of Truth,Faith of the Fallen,2000
humble-origins-quest-fantasy,The Sword of Truth,Naked Empire,2003
humble-origins-quest-fantasy,The Sword of Truth,Phantom,2006
humble-origins-quest-fantasy,The Sword of Truth,Soul of the Fire,1999
humble-origins-quest-fantasy,The Sword of Truth,Stone of Tears,1995
humble-origins-quest-fantasy,The Sword of Truth,Temple of the Winds,1997
humble-origins-quest-fantasy,The Sword of Truth,The Pillars of Creation,2001
humble-origins-quest-fantasy,The Sword of Truth,Wizard’s First Rule,1994
humorous-science-fiction,Anonymous Rex,Anonymous Rex,1999
humorous-science-fiction,Anonymous Rex,Casual Rex,2001
humorous-science-fiction,Anonymous Rex,Hot and Sweaty Rex,2004
humorous-science-fiction,The Complete Roderick,Roderick at Random,1983
humorous-science-fiction,The Complete Roderick,Roderick; Or The Education of a Young Machine,1980
humorous-science-fiction,The Cyberiad,The Cyberiad,1965
humorous-science-fiction,The Hitchhiker's Guide to the Galaxy,And Another Thing...,2009
humorous-science-fiction,The Hitchhiker's Guide to the Galaxy,"Life, the Universe and Everything",1982
humorous-science-fiction,The Hitchhiker's Guide to the Galaxy,Mostly Harmless,1992
humorous-science-fiction,The Hitchhiker's Guide to the Galaxy,"So Long, and Thanks for All the Fish",1984
humorous-science-fiction,The Hitchhiker's Guide to the Galaxy,The Hitchhiker's Guide to the Galaxy,1979
humorous-science-fiction,The Hitchhiker's Guide to the Galaxy,The Restaurant at the End of the Universe,1980
humorous-science-fiction,The Kaiju Preservation Society,The Kaiju Preservation Society,2022
humorous-science-fiction,The Road to Roswell,The Road to Roswell,2023
humorous-science-fiction,The Sirens of Titan,The Sirens of Titan,1959
hungry-realms,House of Hunger,House of Hunger,2022
hungry-realms,Someone You Can Build a Nest In,Someone You Can Build a Nest In,2024
hungry-realms,This Vicious Hunger,This Vicious Hunger,2025
huxleyan-dystopia,A Clockwork Orange,A Clockwork Orange,1962
huxleyan-dystopia,Brave New World,Brave New World,1932
huxleyan-dystopia,Camp Concentration,Camp Concentration,1968
huxleyan-dystopia,Dealing in Dreams,Dealing in Dreams,2019
huxleyan-dystopia,Uglies,Extras,2007
huxleyan-dystopia,Uglies,Impostors,2018
huxleyan-dystopia,Uglies,Mirror's Edge,2021
huxleyan-dystopia,Uglies,Pretties,2005
huxleyan-dystopia,Uglies,Shatter City,2019
huxleyan-dystopia,Uglies,Specials,2006
huxleyan-dystopia,Uglies,Uglies,2005
huxleyan-dystopia,Uglies,Youngbloods,2022
infowar,Cryptonomicon,Cryptonomicon,1999
infowar,Killing Time,Killing Time,2000
infowar,Little Brother,Attack Surface,2020
infowar,Little Brother,Homeland,2013
infowar,Little Brother,Little Brother,2008
infowar,Pattern Recognition,Pattern Recognition,2003
inherited-ghosts,Forgotten Sisters,Forgotten Sisters,2024
inherited-ghosts,How to Sell a Haunted House,How to Sell a Haunted House,2023
inherited-ghosts,Just Like Home,Just Like Home,2022
inherited-ghosts,The Hacienda,The Hacienda,2022
interstellar-court-politics,A Confusion of Princes,A Confusion of Princes,2011
interstellar-court-politics,A Fire Born of Exile,A Fire Born of Exile,2023
interstellar-court-politics,Teixcalaan,A Desolation Called Peace,2021
interstellar-court-politics,Teixcalaan,A Memory Called Empire,2019
interstellar-court-politics,The Interdependency,The Collapsing Empire,2017
interstellar-court-politics,The Interdependency,The Consuming Fire,2018
interstellar-court-politics,The Interdependency,The Last Emperox,2020
interstellar-court-politics,The Splinter in the Sky,The Splinter in the Sky,2023
interstellar-court-politics,The Stars Undying,The Sea Eternal,2025
interstellar-court-politics,The Stars Undying,The Stars Undying,2023
interstellar-court-politics,The Vorkosigan Saga,A Civil Campaign,1999
interstellar-court-politics,The Vorkosigan Saga,Barrayar,1991
interstellar-court-politics,The Vorkosigan Saga,Borders of Infinity,1989
interstellar-court-politics,The Vorkosigan Saga,Brothers in Arms,1989
interstellar-court-politics,The Vorkosigan Saga,Captain Vorpatril's Alliance,2012
interstellar-court-politics,The Vorkosigan Saga,Cetaganda,1996
interstellar-court-politics,The Vorkosigan Saga,Cryoburn,2010
interstellar-court-politics,The Vorkosigan Saga,Diplomatic Immunity,2002
interstellar-court-politics,The Vorkosigan Saga,Ethan of Athos,1986
interstellar-court-politics,The Vorkosigan Saga,Falling Free,1988
interstellar-court-politics,The Vorkosigan Saga,Gentleman Jole and the Red Queen,2016
interstellar-court-politics,The Vorkosigan Saga,Komarr,1998
interstellar-court-politics,The Vorkosigan Saga,Memory,1996
interstellar-court-politics,The Vorkosigan Saga,Mirror Dance,1994
interstellar-court-politics,The Vorkosigan Saga,Shards of Honor,1986
interstellar-court-politics,The Vorkosigan Saga,The Vor Game,1990
interstellar-court-politics,The Vorkosigan Saga,The Warrior's Apprentice,1986
interstellar-court-politics,These Burning Stars,These Burning Stars,2023
invented-fairytales,Honeycomb,Honeycomb,2021
invented-fairytales,Iron Hearted Violet,Iron Hearted Violet,2012
invented-fairytales,Mad Sisters of Esi,Mad Sisters of Esi,2023
invented-fairytales,The Ogress and the Orphans,The Ogress and the Orphans,2022
invented-mythology,Age of the Five,Priestess of the White,2005
invented-mythology,Age of the Five,Voice of the Gods,2006
invented-mythology,Audition for the Fox,Audition for the Fox,2025
invented-mythology,The Raven Tower,The Raven Tower,2019
invented-mythology,The Spear Cuts Through Water,The Spear Cuts Through Water,2022
invented-mythology,The Troupe,The Troupe,2012
invented-mythology,Thunderer,Gears of the City,2008
invented-mythology,Thunderer,Thunderer,2007
invented-mythology,Warring Gods,The River and the Star,2025
invented-mythology,Warring Gods,The Sun and the Void,2023
invented-mythology,Warriors of Estavia,The Golden Tower,2008
invented-mythology,Warriors of Estavia,The Shining City,2011
invented-mythology,Warriors of Estavia,The Silver Lake,2005
isolationist-fantasy,Gormenghast,Gormenghast,1950
isolationist-fantasy,Gormenghast,Titus Alone,1959
isolationist-fantasy,Gormenghast,Titus Groan,1946
isolationist-fantasy,The Weaver,The Weaver,2015
isolationist-fantasy,The West Passage,The West Passage,2024
isolationist-fantasy,The Works of Vermin,The Works of Vermin,2025
isolationist-fantasy,The Year of the Witching,The Year of the Witching,2020
katha,Ghosts of Ethuran,City of Jackals,2025
katha,Ghosts of Ethuran,Kavithri,2024
katha,The Burnt Empire Saga,A Dark Queen Rises,2021
katha,The Burnt Empire Saga,Upon a Burning Throne,2019
katha,The Saint of Bright Doors,The Saint of Bright Doors,2023
keys-to-the-haunting,It Was Her House First,It Was Her House First,2025
keys-to-the-haunting,The Agony House,The Agony House,2018
keys-to-the-haunting,The Invited,The Invited,2019
khayal,Percheron,Emissary,2006
khayal,Percheron,Goddess,2007
khayal,Percheron,Odalisque,2005
khayal,Song of Shattered Sands,A Desert Torn Asunder,2021
khayal,Song of Shattered Sands,A Veil of Spears,2018
khayal,Song of Shattered Sands,Beneath the Twisted Trees,2019
khayal,Song of Shattered Sands,Twelve Kings in Sharakhai,2015
khayal,Song of Shattered Sands,When Jackals Storm the Walls,2020
khayal,Song of Shattered Sands,With Blood Upon the Sand,2017
khayal,The Bruising of Qilwa,The Bruising of Qilwa,2022
khayal,The Daevabad Trilogy,The City of Brass,2017
khayal,The Daevabad Trilogy,The Empire of Gold,2020
khayal,The Daevabad Trilogy,The Kingdom of Copper,2019
khayal,The Lions of Al-Rassan,The Lions of Al-Rassan,1995
khayal,The Sandsea Trilogy,The Ashfire King,2025
khayal,The Sandsea Trilogy,The Midnight Merchant,
khayal,The Sandsea Trilogy,The Stardust Thief,2022
khayal,Throne of the Crescent Moon,Throne of the Crescent Moon,2012
litrpg,Dungeon Crawler Carl,A Parade of Horribles,2026
litrpg,Dungeon Crawler Carl,Carl's Doomsday Scenario,2021
litrpg,Dungeon Crawler Carl,Dungeon Crawler Carl,2020
litrpg,Dungeon Crawler Carl,The Butcher's Masquerade,2022
litrpg,Dungeon Crawler Carl,The Dungeon Anarchist's Cookbook,2021
litrpg,Dungeon Crawler Carl,The Eye of the Bedlam Bride,2023
litrpg,Dungeon Crawler Carl,The Gate of the Feral Gods,2021
litrpg,Dungeon Crawler Carl,This Inevitable Ruin,2024
lost-colony-planetary-romance,Darkover (late novels),A Flame in Hali,2004
lost-colony-planetary-romance,Darkover (late novels),Hastur Lord,2010
lost-colony-planetary-romance,Darkover (late novels),The Alton Gift,2007
lost-colony-planetary-romance,Darkover (late novels),The Children of Kings,2013
lost-colony-planetary-romance,Darkover (late novels),The Fall of Neskaya,2001
lost-colony-planetary-romance,Darkover (late novels),The Forbidden Circle,1998
lost-colony-planetary-romance,Darkover (late novels),Thunderlord,2016
lost-colony-planetary-romance,Darkover (late novels),Zandru's Forge,2003
lost-colony-planetary-romance,Majipoor,Lord Prestimion,1999
lost-colony-planetary-romance,Majipoor,Lord Valentine's Castle,1980
lost-colony-planetary-romance,Majipoor,Majipoor Chronicles,1982
lost-colony-planetary-romance,Majipoor,Sorcerers of Majipoor,1997
lost-colony-planetary-romance,Majipoor,Tales of Majipoor,2013
lost-colony-planetary-romance,Majipoor,The King of Dreams,2001
lost-colony-planetary-romance,Majipoor,The Mountains of Majipoor,1995
lost-colony-planetary-romance,Majipoor,Valentine Pontifex,1983
lost-colony-planetary-romance,The Dragonriders of Pern,All the Weyrs of Pern,1991
lost-colony-planetary-romance,The Dragonriders of Pern,Dragondrums,1979
lost-colony-planetary-romance,The Dragonriders of Pern,Dragonflight,1968
lost-colony-planetary-romance,The Dragonriders of Pern,Dragonquest,1971
lost-colony-planetary-romance,The Dragonriders of Pern,Dragonsdawn,1988
lost-colony-planetary-romance,The Dragonriders of Pern,Moreta: Dragonlady of Pern,1983
lost-colony-planetary-romance,The Dragonriders of Pern,Nerilka's Story,1986
lost-colony-planetary-romance,The Dragonriders of Pern,The Chronicles of Pern: First Fall,1993
lost-colony-planetary-romance,The Dragonriders of Pern,The Dolphins of Pern,1994
lost-colony-planetary-romance,The Dragonriders of Pern,The Masterharper of Pern,1998
lost-colony-planetary-romance,The Dragonriders of Pern,The Renegades of Pern,1989
lost-colony-planetary-romance,The Dragonriders of Pern,The Skies of Pern,2001
lost-colony-planetary-romance,The Dragonriders of Pern,The White Dragon,1978
lost-colony-planetary-romance,The Ghatti's Tale,Exiles' Return,1995
lost-colony-planetary-romance,The Ghatti's Tale,Finders-Seekers,1993
lost-colony-planetary-romance,The Ghatti's Tale,Mindspeakers' Call,1994
lost-colony-planetary-romance,The Ghatti's Tale,Sunderlies Seeking,1998
lost-colony-planetary-romance,The Ghatti's Tale,The Farthest Seeking,2000
lost-colony-planetary-romance,The Hope Duology,Hope's End,2001
lost-colony-planetary-romance,The Hope Duology,Hope's War,2002
lost-knowledge,A Canticle for Leibowitz,A Canticle for Leibowitz,1959
lost-knowledge,A Stranger in the Citadel,A Stranger in the Citadel,2023
lost-knowledge,Archivist Wasp Saga,Archivist Wasp,2015
lost-knowledge,Archivist Wasp Saga,Latchkey,2018
lost-knowledge,Beyond the Burn Line,Beyond the Burn Line,2022
lost-knowledge,Riddley Walker,Riddley Walker,1980
lost-knowledge,Silo,Dust,2013
lost-knowledge,Silo,Shift,2013
lost-knowledge,Silo,Wool,2011
lost-knowledge,The Long Tomorrow,The Long Tomorrow,1955
lost-knowledge,The Lost Puzzler,The Lost Puzzler,2019
lost-knowledge,The Rampart Trilogy,The Book of Koli,2020
lost-knowledge,The Rampart Trilogy,The Fall of Koli,2021
lost-knowledge,The Rampart Trilogy,The Trials of Koli,2020
lost-race,Atlantida,Atlantida,1919
lost-race,Mistress Masham's Repose,Mistress Masham's Repose,1946
lost-race,Out of the Silence,Out of the Silence,1925
lost-race,She,Ayesha: The Return of She,1905
lost-race,She,She,1887
lost-race,She,She and Allan,1921
lost-race,She,Wisdom's Daughter,1923
lost-race,The Dwellers in the Mirage,The Dwellers in the Mirage,1932
lost-wilds,Tarzan,Jungle Tales of Tarzan,1919
lost-wilds,Tarzan,Tarzan Triumphant,1931
lost-wilds,Tarzan,Tarzan and the Ant Men,1924
lost-wilds,Tarzan,Tarzan and the Castaways,1965
lost-wilds,Tarzan,Tarzan and the City of Gold,1932
lost-wilds,Tarzan,Tarzan and the Forbidden City,1938
lost-wilds,Tarzan,Tarzan and the Foreign Legion,1947
lost-wilds,Tarzan,Tarzan and the Golden Lion,1922
lost-wilds,Tarzan,Tarzan and the Jewels of Opar,1916
lost-wilds,Tarzan,Tarzan and the Leopard Men,1935
lost-wilds,Tarzan,Tarzan and the Lion Man,1933
lost-wilds,Tarzan,Tarzan and the Lost Empire,1928
lost-wilds,Tarzan,Tarzan and the Madman,1964
lost-wilds,Tarzan,Tarzan at the Earth’s Core,1929
lost-wilds,Tarzan,Tarzan of the Apes,1912
lost-wilds,Tarzan,Tarzan the Invincible,1931
lost-wilds,Tarzan,Tarzan the Magnificent,1939
lost-wilds,Tarzan,Tarzan the Terrible,1921
lost-wilds,Tarzan,Tarzan the Untamed,1920
lost-wilds,Tarzan,"Tarzan, Lord of the Jungle",1927
lost-wilds,Tarzan,Tarzan’s Quest,1935
lost-wilds,Tarzan,The Beasts of Tarzan,1914
lost-wilds,Tarzan,The Return of Tarzan,1913
lost-wilds,Tarzan,The Son of Tarzan,1915
lost-wilds,The Lost World,The Lost World,1912
machine-age-alterations,Destroyermen,Blood in the Water,2016
machine-age-alterations,Destroyermen,Crusade,2008
machine-age-alterations,Destroyermen,Deadly Shores,2014
machine-age-alterations,Destroyermen,Devil's Battle,2024
machine-age-alterations,Destroyermen,Devil's Due,2017
machine-age-alterations,Destroyermen,Distant Thunders,2010
machine-age-alterations,Destroyermen,Firestorm,2011
machine-age-alterations,Destroyermen,Fleet of Ghosts,2026
machine-age-alterations,Destroyermen,Hell's March,2022
machine-age-alterations,Destroyermen,Inferno's Shadow,2025
machine-age-alterations,Destroyermen,Into the Storm,2008
machine-age-alterations,Destroyermen,Iron Gray Sea,2012
machine-age-alterations,Destroyermen,Maelstrom,2009
machine-age-alterations,Destroyermen,Pass of Fire,2019
machine-age-alterations,Destroyermen,Purgatory's Shore,2022
machine-age-alterations,Destroyermen,Rising Tides,2011
machine-age-alterations,Destroyermen,River of Bones,2018
machine-age-alterations,Destroyermen,Storm Surge,2013
machine-age-alterations,Destroyermen,Straits of Hell,2015
machine-age-alterations,Destroyermen,Winds of Wrath,2020
machine-age-alterations,Singer Distance,Singer Distance,2022
machine-age-alterations,The Strange,The Strange,2023
machine-age-alterations,Trail of Glory,1812: The Rivers of War,2005
machine-age-alterations,Trail of Glory,1824: The Arkansas War,2006
mad-science-gothic,Donovan's Brain,Donovan's Brain,1942
mad-science-gothic,"Frankenstein; or, The Modern Prometheus","Frankenstein; or, The Modern Prometheus",1818
mad-science-gothic,Strange Case of Dr Jekyll and Mr Hyde,Strange Case of Dr Jekyll and Mr Hyde,1886
mad-science-gothic,The Daughter of Doctor Moreau,The Daughter of Doctor Moreau,2022
mad-science-gothic,The Invisible Man,The Invisible Man,1897
mageblood,Needy Little Things,Needy Little Things,2025
mageblood,The Mirror Season,The Mirror Season,2021
mageblood,The Shadowshaper Cypher,Shadowhouse Fall,2017
mageblood,The Shadowshaper Cypher,Shadowshaper,2015
mageblood,The Shadowshaper Cypher,Shadowshaper Legacy,2020
magic-school,Harry Potter,Harry Potter and the Chamber of Secrets,1998
magic-school,Harry Potter,Harry Potter and the Deathly Hallows,2007
magic-school,Harry Potter,Harry Potter and the Goblet of Fire,2000
magic-school,Harry Potter,Harry Potter and the Half-Blood Prince,2005
magic-school,Harry Potter,Harry Potter and the Order of the Phoenix,2003
magic-school,Harry Potter,Harry Potter and the Philosopher's Stone,1997
magic-school,Harry Potter,Harry Potter and the Prisoner of Azkaban,1999
magic-school,How To Succeed in Witchcraft,How To Succeed in Witchcraft,2022
magic-school,School of Shards,School of Shards,2025
magic-school,The Black Magician,The Ambassador's Mission,2010
magic-school,The Black Magician,The High Lord,2003
magic-school,The Black Magician,The Magician's Apprentice,2009
magic-school,The Black Magician,The Magicians' Guild,2001
magic-school,The Black Magician,The Novice,2002
magic-school,The Black Magician,The Rogue,2011
magic-school,The Horsemistress Saga,Airs Beneath the Moon,2006
magic-school,The Horsemistress Saga,Airs and Graces,2007
magic-school,The Horsemistress Saga,Airs of Night and Sea,2008
magic-school,The Incandescent,The Incandescent,2025
magic-school,The Scholar and the Last Faerie Door,The Scholar and the Last Faerie Door,2024
magic-school,The Whispering Dark,The Whispering Dark,2022
magic-school,Tim Te Maro and the Subterranean Heartsick Blues,Tim Te Maro and the Subterranean Heartsick Blues,2021
matter-transmission,Rogue Moon,Rogue Moon,1960
mayan-myth-fantasy,Gods of Jade and Shadow,Gods of Jade and Shadow,2019
mediterranean-renaissance-fantasy,Ariosto,Ariosto,1980
mediterranean-renaissance-fantasy,Black Magic,Black Magic,1909
mediterranean-renaissance-fantasy,Lent,Lent,2019
mediterranean-renaissance-fantasy,The Familiar,The Familiar,2024
mediterranean-renaissance-fantasy,The Sea Beyond,The Eye of Leviathan,2026
messianic-fantasy,Black Jewels,Daughter of the Blood,1998
messianic-fantasy,Black Jewels,Dreams Made Flesh,2005
messianic-fantasy,Black Jewels,Heir to the Shadows,1999
messianic-fantasy,Black Jewels,Queen of the Darkness,2000
messianic-fantasy,Black Jewels,Shalador's Lady,2010
messianic-fantasy,Black Jewels,Tangled Webs,2008
messianic-fantasy,Black Jewels,The Invisible Ring,2000
messianic-fantasy,Black Jewels,The Queen's Bargain,2020
messianic-fantasy,Black Jewels,The Queen's Price,2023
messianic-fantasy,Black Jewels,The Queen's Weapons,2021
messianic-fantasy,Black Jewels,The Shadow Queen,2009
messianic-fantasy,Black Jewels,Twilight's Dawn,2011
messianic-fantasy,Blood Scion,Blood Scion,2022
messianic-fantasy,The Fire and Thorns Trilogy,The Bitter Kingdom,2013
messianic-fantasy,The Fire and Thorns Trilogy,The Crown of Embers,2012
messianic-fantasy,The Gilded Ones trilogy,The Eternal Ones,2024
messianic-fantasy,The Gilded Ones trilogy,The Gilded Ones,2021
messianic-fantasy,The Gilded Ones trilogy,The Merciless Ones,2022
messianic-fantasy,The Pearl Saga,Mistress of the Pearl,2003
messianic-fantasy,The Pearl Saga,The Ring of Five Dragons,2001
messianic-fantasy,The Pearl Saga,The Veil of a Thousand Tears,2002
meta-remyth,"Ahab's Return; or, The Last Voyage","Ahab's Return; or, The Last Voyage",2018
meta-remyth,Engine Summer,Engine Summer,1979
meta-remyth,Lavinia,Lavinia,2008
meta-remyth,Lord Grandrith / Doc Caliban,A Feast Unknown,1969
meta-remyth,Lord Grandrith / Doc Caliban,Lord of the Trees,1970
meta-remyth,Lord Grandrith / Doc Caliban,The Mad Goblin,1970
meta-remyth,Pride and Prometheus,Pride and Prometheus,2018
metaverse,Alma sequence,By the Pricking of Her Thumb,2018
metaverse,Alma sequence,The Real-Town Murders,2017
metaverse,Dark Factory,Dark Factory,2022
metaverse,Ready Player One,Ready Player One,2011
metaverse,Snow Crash,Snow Crash,1992
mind-models,Brain Wave,Brain Wave,1954
mind-models,Observer,Observer,2023
mind-models,The Repeat Room,The Repeat Room,2024
mind-models,There Is No Antimemetics Division,There Is No Antimemetics Division,2025
mirror-multiverse-fantasy,Apprentice Adept,Blue Adept,1981
mirror-multiverse-fantasy,Apprentice Adept,Juxtaposition,1982
mirror-multiverse-fantasy,Apprentice Adept,Split Infinity,1980
mirror-multiverse-fantasy,His Dark Materials,Northern Lights,1995
mirror-multiverse-fantasy,His Dark Materials,The Amber Spyglass,2000
mirror-multiverse-fantasy,His Dark Materials,The Book of Dust: La Belle Sauvage,2017
mirror-multiverse-fantasy,His Dark Materials,The Book of Dust: The Rose Field,2025
mirror-multiverse-fantasy,His Dark Materials,The Book of Dust: The Secret Commonwealth,2019
mirror-multiverse-fantasy,His Dark Materials,The Subtle Knife,1997
mirror-multiverse-fantasy,Last Exit,Last Exit,2022
mirror-multiverse-fantasy,Shades of Magic,A Conjuring of Light,2017
mirror-multiverse-fantasy,Shades of Magic,A Darker Shade of Magic,2015
mirror-multiverse-fantasy,Shades of Magic,A Gathering of Shadows,2016
mirror-multiverse-fantasy,The Chronicles of Amber,The Chronicles of Amber,1970
modern-albion-myth,A Midwinter's Tail,A Midwinter's Tail,2023
modern-albion-myth,Lanny,Lanny,2019
modern-albion-myth,Mythago Wood,Mythago Wood,1984
modern-albion-myth,The Dark Is Rising Sequence,Greenwitch,1974
modern-albion-myth,The Dark Is Rising Sequence,"Over Sea, Under Stone",1965
modern-albion-myth,The Dark Is Rising Sequence,Silver on the Tree,1977
modern-albion-myth,The Dark Is Rising Sequence,The Dark Is Rising,1973
modern-albion-myth,The Dark Is Rising Sequence,The Grey King,1975
modern-albion-myth,The Green Man's Quarry,The Green Man's Quarry,2023
modern-albion-myth,The Owl Service,The Owl Service,1967
modern-albion-myth,The Weirdstone Trilogy,Boneland,2012
modern-albion-myth,The Weirdstone Trilogy,The Moon of Gomrath,1963
modern-albion-myth,The Weirdstone Trilogy,The Weirdstone of Brisingamen,1960
modern-anansi-myth,Anansi Boys,Anansi Boys,2005
modern-chinese-myth,An Arrow to the Moon,An Arrow to the Moon,2022
modern-greek-myth,Olympus Bound,Olympus Bound,2018
modern-greek-myth,Olympus Bound,The Immortals,2016
modern-greek-myth,Olympus Bound,Winter of the Gods,2017
modern-greek-myth,This Poison Heart,This Poison Heart,2021
modern-greek-myth,This Poison Heart,This Wicked Fate,2022
modern-invented-myth,Ben Garston,Burning Ashes,2018
modern-invented-myth,Ben Garston,Chasing Embers,2016
modern-invented-myth,Ben Garston,Raising Fire,2017
modern-invented-myth,Dragons Wild,Dragons Luck,2009
modern-invented-myth,Dragons Wild,Dragons Wild,2008
modern-invented-myth,Godly Heathens,Godly Heathens,2023
modern-invented-myth,The Book of Love,The Book of Love,2024
modern-jamaican-myth,River Mumma,River Mumma,2024
modern-orisha-myth,Ballad & Dagger,Ballad & Dagger,2022
modern-orisha-myth,Shigidi and the Brass Head of Obalufon,Shigidi and the Brass Head of Obalufon,2023
multiverse-mirror,Archive of Unknown Universes,Archive of Unknown Universes,2025
multiverse-mirror,Unholy Land,Unholy Land,2018
multiverse-odyssey,Bridge,Bridge,2023
multiverse-odyssey,In Universes,In Universes,2024
multiverse-odyssey,Mr. Breakfast,Mr. Breakfast,2023
multiverse-odyssey,The Beautiful Land,The Beautiful Land,2013
multiverse-odyssey,The Need,The Need,2019
multiverse-odyssey,The Possibilities,The Possibilities,2023
multiverse-odyssey,The Singular Life of Aria Patel,The Singular Life of Aria Patel,2025
multiverse-odyssey,The Space Between Worlds,The Space Between Worlds,2020
multiverse-war,Million Mile Road Trip,Million Mile Road Trip,2019
multiverse-war,Prison of Sleep,Prison of Sleep,2022
multiverse-war,Rabbit in the Moon,Rabbit in the Moon,2024
multiverse-war,Ring Around the Sun,Ring Around the Sun,1953
multiverse-war,The Coming of the Quantum Cats,The Coming of the Quantum Cats,1986
multiverse-war,The Knife and the Serpent,The Knife and the Serpent,2024
multiverse-war,The Pandominion,Echo of Worlds,2024
multiverse-war,The Pandominion,Infinity Gate,2023
multiverse-war,The Pandominion,Outlaw Planet,2025
multiverse-war,Transmentation | Transience,Transmentation | Transience,2025
mystery-plague,Animals,Animals,2025
mystery-plague,Blindness,Blindness,1995
mystery-plague,The Migration,The Migration,2019
mystery-plague,The Patron Saint of Plagues,The Patron Saint of Plagues,2006
mythic-farce,Calliope Reaper-Jones,Cat's Claw,2010
mythic-farce,Calliope Reaper-Jones,Death's Daughter,2009
mythic-farce,Calliope Reaper-Jones,How to Be Death,2012
mythic-farce,Calliope Reaper-Jones,Serpent's Storm,2011
mythic-farce,Calliope Reaper-Jones,The Golden Age of Death,2013
mythic-farce,Expecting Someone Taller,Expecting Someone Taller,1987
mythic-farce,Mojo and the Pickle Jar,Mojo and the Pickle Jar,1991
mythic-farce,The Night Life of the Gods,The Night Life of the Gods,1931
mythic-farce,The Twilight of the Gods and Other Tales,The Twilight of the Gods and Other Tales,1888
mythic-power-struggle,God's Demon,God's Demon,2007
mythic-power-struggle,God's Demon,The Heart of Hell,2019
mythic-power-struggle,The Books of Raziel,Angelus,2016
mythic-power-struggle,The Books of Raziel,Archon,2011
mythic-power-struggle,The Books of Raziel,Covenant,2014
mythic-power-struggle,The City in Glass,The City in Glass,2024
mythic-power-struggle,The Ninth Circle,The Ninth Circle,2008
mythic-power-struggle,The Pomegranate Gate,The Pomegranate Gate,2023
mythic-power-struggle,To Reign in Hell,To Reign in Hell,1984
mythology-in-gaslight,The Anubis Gates,The Anubis Gates,1983
mythology-in-gaslight,The Gilded Wolves trilogy,The Bronzed Beasts,2021
mythology-in-gaslight,The Gilded Wolves trilogy,The Gilded Wolves,2019
mythology-in-gaslight,The Gilded Wolves trilogy,The Silvered Serpents,2020
nation-of-marvels,Dazzling,Dazzling,2023
nation-of-marvels,Midnight's Children,Midnight's Children,1981
nation-of-marvels,One Hundred Years of Solitude,One Hundred Years of Solitude,1967
nation-of-marvels,The Famished Road,The Famished Road,1991
navajo-myth-fantasy,Race to the Sun,Race to the Sun,2020
navajo-myth-fantasy,The Sixth World,Storm of Locusts,2019
navajo-myth-fantasy,The Sixth World,Trail of Lightning,2018
near-future-first-contact,A Half-Built Garden,A Half-Built Garden,2022
near-future-first-contact,Beyond the Light Horizon,Beyond the Light Horizon,2024
near-future-first-contact,Exordia,Exordia,2024
near-future-first-contact,"The Blue, Beautiful World","The Blue, Beautiful World",2023
near-future-first-contact,Voyagers,Voyagers,1981
near-future-first-contact,Voyagers,Voyagers II: The Alien Within,1986
near-future-first-contact,Voyagers,Voyagers III: Star Brothers,1990
neon-fantasy,Left-Handed Booksellers of London,The Left-Handed Booksellers of London,2020
neon-fantasy,Left-Handed Booksellers of London,The Sinister Booksellers of Bath,2023
neon-fantasy,The Angels of L19,The Angels of L19,2021
neural-fiction,All That We See or Seem,All That We See or Seem,2025
neural-fiction,Paprika,Paprika,1993
neural-fiction,Synners,Synners,1991
neural-fiction,The Sprawl Trilogy,Count Zero,1986
neural-fiction,The Sprawl Trilogy,Mona Lisa Overdrive,1988
neural-fiction,The Sprawl Trilogy,Neuromancer,1984
neural-fiction,Vurt,Pollen,1995
neural-fiction,Vurt,Vurt,1993
new-weird,Bas-Lag,Iron Council,2004
new-weird,Bas-Lag,Perdido Street Station,2000
new-weird,Bas-Lag,The Scar,2002
new-weird,Cyber Mage,Cyber Mage,2021
new-weird,Dead Astronauts,Dead Astronauts,2019
new-weird,Dengue Boy,Dengue Boy,2025
new-weird,Her Body and Other Parties,Her Body and Other Parties,2017
new-weird,Sleeping Worlds Have No Memory,Sleeping Worlds Have No Memory,2024
new-weird,The Etched City,The Etched City,2003
new-weird,The Iron Dragon,The Dragons of Babel,2008
new-weird,The Iron Dragon,The Iron Dragon's Daughter,1993
new-weird,The Iron Dragon,The Iron Dragon's Mother,2019
new-weird,The Southern Reach Trilogy,Absolution,2024
new-weird,The Southern Reach Trilogy,Acceptance,2014
new-weird,The Southern Reach Trilogy,Annihilation,2014
new-weird,The Southern Reach Trilogy,Authority,2014
newfangs-fantasy,Immortality Bites,Bitten & Smitten,2006
newfangs-fantasy,Immortality Bites,"Tall, Dark & Fangsome",2009
newfangs-fantasy,Lost Souls,Lost Souls,1992
newfangs-fantasy,The Blood Is the Life,The Blood Is the Life,2022
nightfolk-in-gaslight,Darkest London,Evernight,2014
nightfolk-in-gaslight,Darkest London,Firelight,2012
nightfolk-in-gaslight,Darkest London,Moonglow,2012
nightfolk-in-gaslight,Darkest London,Winterblaze,2013
nightfolk-in-gaslight,Rook,Rook,2023
nightfolk-in-gaslight,The Angel of the Crows,The Angel of the Crows,2020
nightfolk-in-gaslight,The Golem and the Jinni,The Golem and the Jinni,2013
nightfolk-in-gaslight,The Golem and the Jinni,The Hidden Palace,2021
nightfolk-in-gaslight,The Parasolverse,Blameless,2010
nightfolk-in-gaslight,The Parasolverse,Changeless,2010
nightfolk-in-gaslight,The Parasolverse,Competence,2018
nightfolk-in-gaslight,The Parasolverse,Curtsies & Conspiracies,2013
nightfolk-in-gaslight,The Parasolverse,Etiquette & Espionage,2013
nightfolk-in-gaslight,The Parasolverse,Heartless,2011
nightfolk-in-gaslight,The Parasolverse,Imprudence,2016
nightfolk-in-gaslight,The Parasolverse,Manners & Mutiny,2015
nightfolk-in-gaslight,The Parasolverse,Prudence,2015
nightfolk-in-gaslight,The Parasolverse,Reticence,2019
nightfolk-in-gaslight,The Parasolverse,Soulless,2009
nightfolk-in-gaslight,The Parasolverse,Waistcoats & Weaponry,2014
nightmare-doors,Coraline,Coraline,2002
nightmare-doors,The Magicians Trilogy,The Magician King,2011
nightmare-doors,The Magicians Trilogy,The Magician's Land,2014
nightmare-doors,The Magicians Trilogy,The Magicians,2009
nightmare-doors,The Nightmare-Verse,A Blade So Black,2018
nightmare-doors,The Nightmare-Verse,A Crown So Cursed,2023
nightmare-doors,The Nightmare-Verse,A Dream So Dark,2019
nightmare-doors,Wayward Children,Across the Green Grass Fields,2021
nightmare-doors,Wayward Children,Adrift in Currents Clean and Clear,2025
nightmare-doors,Wayward Children,Beneath the Sugar Sky,2018
nightmare-doors,Wayward Children,Come Tumbling Down,2020
nightmare-doors,Wayward Children,Down Among the Sticks and Bones,2017
nightmare-doors,Wayward Children,Every Heart a Doorway,2016
nightmare-doors,Wayward Children,In an Absent Dream,2019
nightmare-doors,Wayward Children,Lost in the Moment and Found,2023
nightmare-doors,Wayward Children,Mislaid in Parts Half-Known,2024
nightmare-doors,Wayward Children,Through Gates of Garnet and Gold,2026
nightmare-doors,Wayward Children,Where the Drowned Girls Go,2022
noir-fantasy,Siren Queen,Siren Queen,2022
noir-fantasy,Trouble the Saints,Trouble the Saints,2020
norse-fantasy,Grendel,Grendel,1971
norse-fantasy,The Edda of Burdens,All the Windwracked Stars,2008
norse-fantasy,The Edda of Burdens,By the Mountain Bound,2009
norse-fantasy,The Edda of Burdens,The Sea Thy Mistress,2011
norse-fantasy,The Mere Wife,The Mere Wife,2018
northern-renaissance-fantasy,Flint and Mirror,Flint and Mirror,2022
northern-renaissance-fantasy,That Self-Same Metal,That Self-Same Metal,2023
northern-renaissance-fantasy,The Drawing of the Dark,The Drawing of the Dark,1979
northern-renaissance-fantasy,The Unfinished Land,The Unfinished Land,2021
northern-renaissance-fantasy,The Unicorn Hunters,The Unicorn Hunters,2026
northern-renaissance-fantasy,The Wax Child,The Wax Child,2023
npc-heroes,The Goblin Emperor,The Goblin Emperor,2014
npc-heroes,The Goblin Emperor,The Grief of Stones,2022
npc-heroes,The Goblin Emperor,The Tomb of Dragons,2025
npc-heroes,The Goblin Emperor,The Witness for the Dead,2021
occult-bloodline,Blood Debts,Blood Debts,2023
occult-bloodline,Blood Debts,Blood Justice,2024
occult-bloodline,The Black Swan Trilogy,Black Swan Rising,2010
occult-bloodline,The Black Swan Trilogy,The Shape Stealer,2013
occult-bloodline,The Black Swan Trilogy,The Watchtower,2011
occult-bloodline,The Curseworkers,Black Heart,2012
occult-bloodline,The Curseworkers,Red Glove,2011
occult-bloodline,The Curseworkers,White Cat,2010
occult-bloodline,The Making of Yolanda la Bruja,The Making of Yolanda la Bruja,2023
occult-bloodline,The Shadow Sister,The Shadow Sister,2023
occult-bloodline,Wildlands,Dark Alchemy,2015
occult-bloodline,Wildlands,Mercury Retrograde,2015
occult-bloodline,Wildlands,Nine of Stars,2016
occult-bloodline,Wildlands,Phoenix Falling,2019
occult-bloodline,Wildlands,Witch Creek,2018
occult-bloodline,"Your Blood, My Bones","Your Blood, My Bones",2024
occult-cabals,Declare,Declare,2000
occult-cabals,The Aegypt Cycle,Aegypt,1987
occult-cabals,The Aegypt Cycle,Daemonomania,2000
occult-cabals,The Aegypt Cycle,Endless Things,2007
occult-cabals,The Aegypt Cycle,Love & Sleep,1994
occult-cabals,The Baroque Cycle,Quicksilver,2003
occult-cabals,The Baroque Cycle,The Confusion,2004
occult-cabals,The Baroque Cycle,The System of the World,2004
occult-cabals,The Diabolist's Library,Creatures of Charm and Hunger,2020
occult-cabals,The Diabolist's Library,Creatures of Want and Ruin,2018
occult-cabals,The Diabolist's Library,Creatures of Will and Temper,2017
occult-cabals,The Last Binding,A Marvellous Light,2021
occult-cabals,The Last Binding,A Power Unbound,2023
occult-cabals,The Last Binding,A Restless Truth,2022
occult-cabals,The Revolutions,The Revolutions,2014
occult-city,Book of Night,Book of Night,2022
occult-city,Book of Night,Thief of Night,2025
occult-city,Our Lady of Darkness,Our Lady of Darkness,1977
occult-city,Sandman Slim,Sandman Slim,2009
occult-city,The Crescent City Novels,Gather the Fortunes,2019
occult-city,The Crescent City Novels,The City of Lost Fortunes,2018
occult-consultants,"Daemons, Inc.",A Legacy of Daemons,2010
occult-consultants,Eric Carter,Bottle Demon,2021
occult-consultants,Eric Carter,Broken Souls,2014
occult-consultants,Eric Carter,City of the Lost,2012
occult-consultants,Eric Carter,Cult Classic,2023
occult-consultants,Eric Carter,Dead Things,2013
occult-consultants,Eric Carter,Fire Season,2019
occult-consultants,Eric Carter,Ghost Money,2020
occult-consultants,Eric Carter,Hate Machine,2022
occult-consultants,Eric Carter,Hungry Ghosts,2017
occult-consultants,Eric Carter,Suicide Kings,2022
occult-consultants,Felix Castor,Dead Men's Boots,2007
occult-consultants,Felix Castor,The Devil You Know,2006
occult-consultants,Felix Castor,The Naming of the Beasts,2009
occult-consultants,Felix Castor,Thicker Than Water,2009
occult-consultants,Felix Castor,Vicious Circle,2006
occult-consultants,Grave Reservations,Grave Reservations,2021
occult-consultants,Jane Yellowrock,Black Arts,2014
occult-consultants,Jane Yellowrock,Blood Cross,2010
occult-consultants,Jane Yellowrock,Blood Trade,2013
occult-consultants,Jane Yellowrock,Blood of the Earth,2016
occult-consultants,Jane Yellowrock,Broken Soul,2014
occult-consultants,Jane Yellowrock,Circle of the Moon,2019
occult-consultants,Jane Yellowrock,Cold Reign,2017
occult-consultants,Jane Yellowrock,Curse on the Land,2016
occult-consultants,Jane Yellowrock,Dark Heir,2015
occult-consultants,Jane Yellowrock,Dark Queen,2018
occult-consultants,Jane Yellowrock,Death's Rival,2012
occult-consultants,Jane Yellowrock,Final Heir,2022
occult-consultants,Jane Yellowrock,Flame in the Dark,2017
occult-consultants,Jane Yellowrock,Mercy Blade,2011
occult-consultants,Jane Yellowrock,Raven Cursed,2012
occult-consultants,Jane Yellowrock,Rift in the Soul,2024
occult-consultants,Jane Yellowrock,Shadow Rites,2016
occult-consultants,Jane Yellowrock,Shattered Bonds,2019
occult-consultants,Jane Yellowrock,Skinwalker,2009
occult-consultants,Jane Yellowrock,Spells for the Dead,2020
occult-consultants,Jane Yellowrock,True Dead,2021
occult-consultants,Jane Yellowrock,Unpredictable Magic,2026
occult-consultants,Magic for Liars,Magic for Liars,2019
occult-consultants,Nightwise,Nightwise,2015
occult-consultants,Shadows Inquiries,Ghosts & Echoes,2010
occult-consultants,Shadows Inquiries,Gods & Monsters,2011
occult-consultants,Shadows Inquiries,Lies & Omens,2012
occult-consultants,Shadows Inquiries,Sins & Shadows,2009
occult-cop-cases,Dragon's Disciple,Dark Heart,1998
occult-cop-cases,Fated Blades,Daughter of the Sword,2012
occult-cop-cases,Fated Blades,Disciple of the Wind,2015
occult-cop-cases,Fated Blades,Year of the Demon,2013
occult-cop-cases,Iron Angels,Iron Angels,2017
occult-cop-cases,OSI,A Flash of Hex,2009
occult-cop-cases,OSI,Bleeding Out,2012
occult-cop-cases,OSI,Infernal Affairs,2011
occult-cop-cases,OSI,Inhuman Resources,2010
occult-cop-cases,OSI,Night Child,2008
occult-cop-cases,Ragged Alice,Ragged Alice,2019
occult-cop-cases,Rivers of London,Amongst Our Weapons,2023
occult-cop-cases,Rivers of London,Broken Homes,2013
occult-cop-cases,Rivers of London,False Value,2021
occult-cop-cases,Rivers of London,Foxglove Summer,2014
occult-cop-cases,Rivers of London,Lies Sleeping,2018
occult-cop-cases,Rivers of London,Moon Over Soho,2011
occult-cop-cases,Rivers of London,Rivers of London,2011
occult-cop-cases,Rivers of London,Stone and Sky,2026
occult-cop-cases,Rivers of London,The Furthest Station,2017
occult-cop-cases,Rivers of London,The Hanging Tree,2016
occult-cop-cases,Rivers of London,The Masquerades of Spring,2024
occult-cop-cases,Rivers of London,The October Man,2019
occult-cop-cases,Rivers of London,What Abigail Did That Summer,2021
occult-cop-cases,Rivers of London,Whispers Under Ground,2012
occult-cop-cases,The Midnight Shift,The Midnight Shift,2025
occult-cop-cases,The Outsider,The Outsider,2018
occult-institutions,Conjure Wife,Conjure Wife,1943
occult-institutions,Echo Park Coven,The End of Magic,2017
occult-institutions,Echo Park Coven,The Last Dream Keeper,2016
occult-institutions,Echo Park Coven,The Witches of Echo Park,2015
occult-institutions,Ninth House,Hell Bent,2023
occult-institutions,Ninth House,Ninth House,2019
occult-institutions,Silver Nitrate,Silver Nitrate,2023
occult-institutions,Supernatural Minnesota,The Businessman,1984
occult-institutions,Supernatural Minnesota,The M.D.,1991
occult-institutions,Supernatural Minnesota,The Priest,1994
occult-institutions,Supernatural Minnesota,The Sub,1999
occult-institutions,The Atlas Series,The Atlas Complex,2024
occult-institutions,The Atlas Series,The Atlas Paradox,2022
occult-institutions,The Atlas Series,The Atlas Six,2020
occult-institutions,The Bewitching,The Bewitching,2025
occult-institutions,The Domino Men,The Domino Men,2008
occult-institutions,The Magician and the Fool,The Magician and the Fool,2008
occult-secret-service,Knight Watch,Knight Watch,2020
occult-secret-service,Knight Watch,The Eccentrics,2024
occult-secret-service,Knight Watch,Valhellions,2022
occult-secret-service,Pax Arcana,Charming,2013
occult-secret-service,Pax Arcana,Daring,2014
occult-secret-service,Pax Arcana,Fearless,2015
occult-secret-service,Pax Arcana,In Shining Armor,2015
occult-secret-service,Pax Arcana,Legend Has It,2016
occult-secret-service,The Brotherhood of the Wheel,King of the Road,2018
occult-secret-service,The Brotherhood of the Wheel,The Brotherhood of the Wheel,2016
occult-secret-service,The Rook Files,Blitz,2022
occult-secret-service,The Rook Files,Stiletto,2016
occult-secret-service,The Rook Files,The Rook,2012
old-mars,Barsoom,A Fighting Man of Mars,1930
old-mars,Barsoom,A Princess of Mars,1917
old-mars,Barsoom,John Carter of Mars,1964
old-mars,Barsoom,Llana of Gathol,1948
old-mars,Barsoom,Swords of Mars,1936
old-mars,Barsoom,Synthetic Men of Mars,1940
old-mars,Barsoom,The Chessmen of Mars,1922
old-mars,Barsoom,The Gods of Mars,1918
old-mars,Barsoom,The Master Mind of Mars,1928
old-mars,Barsoom,The Warlord of Mars,1919
old-mars,Barsoom,"Thuvia, Maid of Mars",1920
oldfangs-fantasy,Fledgling,Fledgling,2005
oldfangs-fantasy,Generation V,Dark Ascension,2015
oldfangs-fantasy,Generation V,Generation V,2013
oldfangs-fantasy,Generation V,Iron Night,2014
oldfangs-fantasy,Generation V,Tainted Blood,2014
oldfangs-fantasy,His Father's Son,His Father's Son,2001
oldfangs-fantasy,The Vampire Chronicles,Blackwood Farm,2002
oldfangs-fantasy,The Vampire Chronicles,Blood Canticle,2003
oldfangs-fantasy,The Vampire Chronicles,Blood Communion,2018
oldfangs-fantasy,The Vampire Chronicles,Blood and Gold,2001
oldfangs-fantasy,The Vampire Chronicles,Interview with the Vampire,1976
oldfangs-fantasy,The Vampire Chronicles,Memnoch the Devil,1995
oldfangs-fantasy,The Vampire Chronicles,Merrick,2000
oldfangs-fantasy,The Vampire Chronicles,Prince Lestat,2014
oldfangs-fantasy,The Vampire Chronicles,Prince Lestat and the Realms of Atlantis,2016
oldfangs-fantasy,The Vampire Chronicles,The Queen of the Damned,1988
oldfangs-fantasy,The Vampire Chronicles,The Tale of the Body Thief,1992
oldfangs-fantasy,The Vampire Chronicles,The Vampire Armand,1998
oldfangs-fantasy,The Vampire Chronicles,The Vampire Lestat,1985
ontological-magic-realism,Kafka on the Shore,Kafka on the Shore,2002
ontological-magic-realism,Lakelore,Lakelore,2022
ontological-magic-realism,The Book of Hidden Things,The Book of Hidden Things,2018
ontological-magic-realism,The Great Victorian Collection,The Great Victorian Collection,1975
ontological-magic-realism,The Hole,The Hole,2014
ontological-magic-realism,The Magus,The Magus,1965
orbital-mechanics,2001: A Space Odyssey,2001: A Space Odyssey,1968
orbital-mechanics,2001: A Space Odyssey,2010: Odyssey Two,1982
orbital-mechanics,2001: A Space Odyssey,2061: Odyssey Three,1987
orbital-mechanics,2001: A Space Odyssey,3001: The Final Odyssey,1997
orbital-mechanics,From the Earth to the Moon / Around the Moon,Around the Moon,1870
orbital-mechanics,From the Earth to the Moon / Around the Moon,From the Earth to the Moon,1865
orbital-mechanics,Orbitsville,Orbitsville,1975
orbital-mechanics,Ringworld,Ringworld,1970
orbital-mechanics,Ringworld,Ringworld's Children,2004
orbital-mechanics,Ringworld,The Ringworld Engineers,1980
orbital-mechanics,Ringworld,The Ringworld Throne,1996
orbital-mechanics,The Moon Is a Harsh Mistress,The Moon Is a Harsh Mistress,1966
orwellian-assimilation,Golden State,Golden State,2019
orwellian-propaganda,Fahrenheit 451,Fahrenheit 451,1953
orwellian-propaganda,The Hunger Games,Catching Fire,2009
orwellian-propaganda,The Hunger Games,Mockingjay,2010
orwellian-propaganda,The Hunger Games,Sunrise on the Reaping,2025
orwellian-propaganda,The Hunger Games,The Ballad of Songbirds and Snakes,2020
orwellian-propaganda,The Hunger Games,The Hunger Games,2008
orwellian-statesmanship,China Mountain Zhang,China Mountain Zhang,1992
orwellian-statesmanship,Tropic of Kansas universe,Failed State,2020
orwellian-statesmanship,Tropic of Kansas universe,Rule of Capture,2019
orwellian-statesmanship,Tropic of Kansas universe,Tropic of Kansas,2017
orwellianesque,A Song for a New Day,A Song for a New Day,2019
orwellianesque,Hospital,Hospital,2023
orwellianesque,Internment,Internment,2019
orwellianesque,On Wings of Song,On Wings of Song,1979
otherworld-stumblings,Amira & Hamza,Amira & Hamza,2021
otherworld-stumblings,Tessa Miyata Is No Hero,Tessa Miyata Is No Hero,2023
otherworld-stumblings,The Last Rune,Beyond the Pale,1998
otherworld-stumblings,The Last Rune,Blood of Mystery,2002
otherworld-stumblings,The Last Rune,The Dark Remains,2001
otherworld-stumblings,The Last Rune,The First Stone,2004
otherworld-stumblings,The Last Rune,The Gates of Winter,2003
otherworld-stumblings,The Last Rune,The Keep of Fire,1999
otherworld-stumblings,The Wizard Knight,The Knight,2004
otherworld-stumblings,The Wizard Knight,The Wizard,2004
otherworld-stumblings,Three Hearts and Three Lions,Three Hearts and Three Lions,1961
otherworld-summonings,Imajica,Imajica,1991
otherworld-summonings,Red Moon and Black Mountain,Red Moon and Black Mountain,1970
otherworld-summonings,The Dark World,The Dark World,1946
otherworld-summonings,The Fionavar Tapestry,The Darkest Road,1986
otherworld-summonings,The Fionavar Tapestry,The Summer Tree,1984
otherworld-summonings,The Fionavar Tapestry,The Wandering Fire,1986
otherworld-summonings,The Pumpkin Princess,The Pumpkin Princess and the Buried Castle,2025
otherworld-summonings,The Pumpkin Princess,The Pumpkin Princess and the Forever Night,2024
otherworldly-hard-sf,Anathem,Anathem,2008
otherworldly-hard-sf,Flatland,Flatland,1884
otherworldly-hard-sf,White Light,White Light,1980
otherworldly-hard-sf,World Engines,World Engines: Creator,2020
otherworldly-hard-sf,World Engines,World Engines: Destroyer,2019
outlaw-fantasy,Guardians of Dawn: Zhara,Guardians of Dawn: Zhara,2023
outlaw-fantasy,The Outlaw Road,Floodpath,2021
outlaw-fantasy,The Outlaw Road,Sunshield,2020
ozymandian-tech,A Song of Legends Lost,A Song of Legends Lost,2025
ozymandian-tech,Empire of the East,Ardneh's Sword,2006
ozymandian-tech,The Downworld Sequence,The Archive Undying,2023
palace-insurgents,Islands of Blood and Storm,King of the Rising,2020
palace-insurgents,Islands of Blood and Storm,Queen of the Conquered,2019
palace-insurgents,The Masquerade,The Monster Baru Cormorant,2018
palace-insurgents,The Masquerade,The Traitor Baru Cormorant,2015
palace-insurgents,The Masquerade,The Tyrant Baru Cormorant,2020
palace-insurgents,To Cage a God,To Cage a God,2024
paladin-hero,Deryni Rising,Deryni Checkmate,1972
paladin-hero,Deryni Rising,Deryni Rising,1970
paladin-hero,Deryni Rising,High Deryni,1973
paladin-hero,Paksworld,Crown of Renewal,2014
paladin-hero,Paksworld,Divided Allegiance,1988
paladin-hero,Paksworld,Echoes of Betrayal,2013
paladin-hero,Paksworld,Kings of the North,2011
paladin-hero,Paksworld,Limits of Power,2013
paladin-hero,Paksworld,Oath of Fealty,2010
paladin-hero,Paksworld,Oath of Gold,1989
paladin-hero,Paksworld,Sheepfarmer's Daughter,1988
paladin-hero,Saint of Steel,Paladin's Faith,2023
paladin-hero,Saint of Steel,Paladin's Strength,2021
paranormal-aftermath,Dave vs. the Monsters,Ascendance,2015
paranormal-aftermath,Dave vs. the Monsters,Emergence,2015
paranormal-aftermath,Dave vs. the Monsters,Resistance,2015
paranormal-aftermath,Kate Daniels,Gunmetal Magic,2012
paranormal-aftermath,Kate Daniels,Magic Binds,2016
paranormal-aftermath,Kate Daniels,Magic Bites,2007
paranormal-aftermath,Kate Daniels,Magic Bleeds,2010
paranormal-aftermath,Kate Daniels,Magic Breaks,2014
paranormal-aftermath,Kate Daniels,Magic Burns,2008
paranormal-aftermath,Kate Daniels,Magic Rises,2013
paranormal-aftermath,Kate Daniels,Magic Shifts,2015
paranormal-aftermath,Kate Daniels,Magic Slays,2011
paranormal-aftermath,Kate Daniels,Magic Strikes,2009
paranormal-aftermath,Kate Daniels,Magic Triumphs,2018
paranormal-aftermath,"No Gods, No Monsters","No Gods, No Monsters",2021
paranormal-aftermath,"No Gods, No Monsters","Ruin, Great and Free",2025
paranormal-aftermath,"No Gods, No Monsters",We Are the Crisis,2023
paranormal-aftermath,Noon Onyx,Dark Light of Day,2012
paranormal-aftermath,Noon Onyx,Fiery Edge of Steel,2013
paranormal-aftermath,Noon Onyx,White Heart of Justice,2014
paranormal-aftermath,The Shadows That Listen,The Shadows That Listen,2026
paranormal-bricks,Hawksmoor,Hawksmoor,1985
paranormal-bricks,Neverwhere,Neverwhere,1996
paranormal-bricks,Saturnalia,Saturnalia,2022
paranormal-bricks,The City & the City,The City & the City,2009
paranormal-bricks,The Great Cities,The City We Became,2020
paranormal-bricks,The Great Cities,The World We Make,2022
paranormal-bricks,The Man Who Was Thursday,The Man Who Was Thursday,1908
paranormal-bricks,Winter's Tale,Winter's Tale,1983
paranormal-bureau,Anita Blake: Vampire Hunter,Affliction,
paranormal-bureau,Anita Blake: Vampire Hunter,Blood Noir,
paranormal-bureau,Anita Blake: Vampire Hunter,Bloody Bones,
paranormal-bureau,Anita Blake: Vampire Hunter,Blue Moon,
paranormal-bureau,Anita Blake: Vampire Hunter,Bullet,
paranormal-bureau,Anita Blake: Vampire Hunter,Burnt Offerings,
paranormal-bureau,Anita Blake: Vampire Hunter,Cerulean Sins,
paranormal-bureau,Anita Blake: Vampire Hunter,Circus of the Damned,
paranormal-bureau,Anita Blake: Vampire Hunter,Crimson Death,
paranormal-bureau,Anita Blake: Vampire Hunter,Danse Macabre,
paranormal-bureau,Anita Blake: Vampire Hunter,Dead Ice,
paranormal-bureau,Anita Blake: Vampire Hunter,Flirt,
paranormal-bureau,Anita Blake: Vampire Hunter,Guilty Pleasures,
paranormal-bureau,Anita Blake: Vampire Hunter,Hit List,
paranormal-bureau,Anita Blake: Vampire Hunter,Incubus Dreams,
paranormal-bureau,Anita Blake: Vampire Hunter,Jason,
paranormal-bureau,Anita Blake: Vampire Hunter,Kiss the Dead,
paranormal-bureau,Anita Blake: Vampire Hunter,Micah,
paranormal-bureau,Anita Blake: Vampire Hunter,Narcissus in Chains,
paranormal-bureau,Anita Blake: Vampire Hunter,Obsidian Butterfly,
paranormal-bureau,Anita Blake: Vampire Hunter,Rafael,
paranormal-bureau,Anita Blake: Vampire Hunter,Serpentine,
paranormal-bureau,Anita Blake: Vampire Hunter,Skin Trade,
paranormal-bureau,Anita Blake: Vampire Hunter,Slay,
paranormal-bureau,Anita Blake: Vampire Hunter,Smolder,
paranormal-bureau,Anita Blake: Vampire Hunter,Sucker Punch,
paranormal-bureau,Anita Blake: Vampire Hunter,The Harlequin,
paranormal-bureau,Anita Blake: Vampire Hunter,The Killing Dance,
paranormal-bureau,Anita Blake: Vampire Hunter,The Laughing Corpse,
paranormal-bureau,Anita Blake: Vampire Hunter,The Lunatic Cafe,
paranormal-bureau,Simon Canderous,Dead Matter,2010
paranormal-bureau,Simon Canderous,Dead Waters,2011
paranormal-bureau,Simon Canderous,Dead to Me,2008
paranormal-bureau,Simon Canderous,Deader Still,2009
paranormal-bureau,The Cerulean Chronicles,Somewhere Beyond the Sea,2024
paranormal-bureau,The Cerulean Chronicles,The House in the Cerulean Sea,2020
paranormal-fantasy,American Gods,American Gods,2001
paranormal-fantasy,American Gods,Anansi Boys,2005
paranormal-fantasy,Dr. Greta Helsing,Dreadful Company,2018
paranormal-fantasy,Dr. Greta Helsing,Grave Importance,2019
paranormal-fantasy,Dr. Greta Helsing,Strange Practice,2017
paranormal-fantasy,Good Omens,Good Omens,1990
paranormal-fantasy,No Hero,No Hero,2014
paranormal-fantasy,No Hero,Yesterday's Hero,2014
paranormal-neighbours,A Song Below Water,A Chorus Rises,2021
paranormal-neighbours,A Song Below Water,A Song Below Water,2020
paranormal-neighbours,Agent of Hel,Autumn Bones,2013
paranormal-neighbours,Agent of Hel,Dark Currents,2012
paranormal-neighbours,Agent of Hel,Poison Fruit,2014
paranormal-neighbours,Blood Singer,All Your Wishes,2016
paranormal-neighbours,Blood Singer,Blood Song,2010
paranormal-neighbours,Blood Singer,Demon Song,2011
paranormal-neighbours,Blood Singer,Siren Song,2010
paranormal-neighbours,Blood Singer,The Eldritch Conspiracy,2013
paranormal-neighbours,Blood Singer,The Isis Collar,2012
paranormal-neighbours,Blood Singer,To Dance With the Devil,2013
paranormal-neighbours,Elatsoe,Elatsoe,2020
paranormal-neighbours,Elatsoe,Sheine Lende,2024
paranormal-neighbours,The Others,Crowbones,2022
paranormal-neighbours,The Others,Etched in Bone,2017
paranormal-neighbours,The Others,Lake Silence,2019
paranormal-neighbours,The Others,Marked in Flesh,2016
paranormal-neighbours,The Others,Murder of Crows,2014
paranormal-neighbours,The Others,Vision in Silver,2015
paranormal-neighbours,The Others,Wild Country,2020
paranormal-neighbours,The Others,Written in Red,2013
patriarchal-dystopias,The Handmaid's Tale,The Handmaid's Tale,1985
patriarchal-dystopias,The Handmaid's Tale,The Testaments,2019
patriarchal-dystopias,The Holdfast Chronicles,Motherlines,1978
patriarchal-dystopias,The Holdfast Chronicles,The Conqueror's Child,1999
patriarchal-dystopias,The Holdfast Chronicles,The Furies,1994
patriarchal-dystopias,The Holdfast Chronicles,Walk to the End of the World,1974
patriarchal-dystopias,The Unworthy,The Unworthy,2023
perilous-fairy-doors,Stardust,Stardust,1999
perilous-fairy-doors,The King of Elfland’s Daughter,The King of Elfland’s Daughter,1924
perilous-fairy-doors,The Land of Unreason,The Land of Unreason,1942
perilous-fairy-doors,The Memory Theater,The Memory Theater,2021
perilous-fairy-doors,Thomas the Rhymer,Thomas the Rhymer,1990
perilous-fairy-doors,Weaveworld,Weaveworld,1987
pirate-fantasy,Tempest,Tempest,2026
pirate-fantasy,The Tide Child,Call of the Bone Ships,2020
pirate-fantasy,The Tide Child,The Bone Ship's Wake,2021
pirate-fantasy,The Tide Child,The Bone Ships,2019
pirate-insurgents,Divine Cities,City of Blades,2016
pirate-insurgents,Divine Cities,City of Miracles,2017
pirate-insurgents,Divine Cities,City of Stairs,2014
pirate-insurgents,"The Mermaid, the Witch, and the Sea","The Mermaid, the Witch, and the Sea",2020
pirate-insurgents,"The Siren, the Song, and the Spy","The Siren, the Song, and the Spy",2023
planet-ecology-fiction,Mission of Gravity,Mission of Gravity,1954
planet-ecology-fiction,The Helliconia Trilogy,Helliconia Spring,1982
planet-ecology-fiction,The Helliconia Trilogy,Helliconia Summer,1983
planet-ecology-fiction,The Helliconia Trilogy,Helliconia Winter,1985
planet-expedition-fiction,A Step Beyond,A Step Beyond,2001
planet-expedition-fiction,Boundary,Boundary,2006
planet-expedition-fiction,Boundary,Castaway Odyssey,2016
planet-expedition-fiction,Boundary,Castaway Planet,2015
planet-expedition-fiction,Boundary,Castaway Resolution,2020
planet-expedition-fiction,Boundary,Portal,2013
planet-expedition-fiction,Boundary,Threshold,2010
planet-expedition-fiction,The Grand Tour,Earth,2019
planet-expedition-fiction,The Grand Tour,Empire Builders,1993
planet-expedition-fiction,The Grand Tour,Farside,2013
planet-expedition-fiction,The Grand Tour,Jupiter,2000
planet-expedition-fiction,The Grand Tour,Leviathans of Jupiter,2011
planet-expedition-fiction,The Grand Tour,Mars Life,2008
planet-expedition-fiction,The Grand Tour,Mercury,2005
planet-expedition-fiction,The Grand Tour,Neptune,2021
planet-expedition-fiction,The Grand Tour,Pluto,2025
planet-expedition-fiction,The Grand Tour,Powersat,2005
planet-expedition-fiction,The Grand Tour,Privateers,1985
planet-expedition-fiction,The Grand Tour,Saturn,2003
planet-expedition-fiction,The Grand Tour,The Aftermath,2007
planet-expedition-fiction,The Grand Tour,The Precipice,2001
planet-expedition-fiction,The Grand Tour,The Rock Rats,2002
planet-expedition-fiction,The Grand Tour,The Silent War,2004
planet-expedition-fiction,The Grand Tour,Titan,2006
planet-expedition-fiction,The Grand Tour,Uranus,2020
planet-expedition-fiction,The Grand Tour,Venus,2000
planet-expedition-fiction,The Martian,The Martian,2014
planet-expedition-fiction,The Martian Race,The Martian Race,1999
posh-fantasy,Aspects,Aspects,2022
posh-fantasy,Olondria,A Stranger in Olondria,2013
posh-fantasy,Olondria,The Winged Histories,2016
posh-fantasy,Riverside,Swordspoint,1987
posh-fantasy,Riverside,The Privilege of the Sword,2006
post-nuclear-survival,"Alas, Babylon","Alas, Babylon",1959
post-nuclear-survival,Black Star Rising,Black Star Rising,1985
post-nuclear-survival,Bone Dance,Bone Dance,1991
post-nuclear-survival,Dayfall,Dayfall,2018
post-nuclear-survival,Dr. Bloodmoney,Dr. Bloodmoney,1965
post-nuclear-survival,Retrograde,Reentry,2019
post-nuclear-survival,Retrograde,Retrograde,2017
post-nuclear-survival,The Pure Trilogy,Fuse,2013
post-nuclear-survival,The Pure Trilogy,Pure,2012
post-pandemic-survival,Earth Abides,Earth Abides,1949
post-pandemic-survival,Hollow Kingdom,Feral Creatures,2021
post-pandemic-survival,How High We Go in the Dark,How High We Go in the Dark,2022
post-pandemic-survival,I Am Legend,I Am Legend,1954
post-pandemic-survival,Station Eleven,Station Eleven,2014
post-pandemic-survival,The Death of Grass,The Death of Grass,1956
post-pandemic-survival,The Passage,The City of Mirrors,2016
post-pandemic-survival,The Passage,The Passage,2010
post-pandemic-survival,The Passage,The Twelve,2012
post-pandemic-survival,Wilder Girls,Wilder Girls,2019
post-scarcity-politics,Culture,Consider Phlebas,1987
post-scarcity-politics,Culture,Excession,1996
post-scarcity-politics,Culture,Inversions,1998
post-scarcity-politics,Culture,Look to Windward,2000
post-scarcity-politics,Culture,Matter,2008
post-scarcity-politics,Culture,Surface Detail,2010
post-scarcity-politics,Culture,The Hydrogen Sonata,2012
post-scarcity-politics,Culture,The Player of Games,1988
post-scarcity-politics,Culture,The State of the Art,1991
post-scarcity-politics,Culture,Use of Weapons,1990
post-society,"Air (Or, Have Not Have)","Air (Or, Have Not Have)",2004
post-society,Anthropocene Rag,Anthropocene Rag,2020
post-society,CatNet,Catfishing on CatNet,2019
post-society,CatNet,Chaos on CatNet,2021
post-society,Little Eyes,Little Eyes,2018
post-society,The Dervish House,The Dervish House,2010
post-society,The Diamond Age,The Diamond Age,1995
post-society,Waste Tide,Waste Tide,2013
postcolonial-gothic,Black Water Sister,Black Water Sister,2021
postcolonial-gothic,Build Your House Around My Body,Build Your House Around My Body,2021
postcolonial-gothic,"Burn Down, Rise Up","Burn Down, Rise Up",2022
postcolonial-gothic,Coyote Songs,Coyote Songs,2018
postcolonial-gothic,Empire of Wild,Empire of Wild,2019
postcolonial-gothic,The Devil Takes You Home,The Devil Takes You Home,2022
power-inversion-dystopias,The Power,The Power,2016
prehistoric-fantasy,Great Sky Woman,Great Sky Woman,2006
prehistoric-fantasy,Great Sky Woman,Shadow Valley,2009
prehistoric-fantasy,Trickster's Game,Bloodstone,2006
prehistoric-fantasy,Trickster's Game,Foxfire,2009
prehistoric-fantasy,Trickster's Game,Heartwood,2005
primordial-torment,Darker Than You Think,Darker Than You Think,1948
primordial-torment,It,It,1986
primordial-torment,Slender Man,Slender Man,2018
private-eye-fantasy,Eddie LaCrosse,Burn Me Deadly,2009
private-eye-fantasy,Eddie LaCrosse,Dark Jenny,2011
private-eye-fantasy,Eddie LaCrosse,"He Drank, and Saw the Spider",2014
private-eye-fantasy,Eddie LaCrosse,The Sword-Edged Blonde,2007
private-eye-fantasy,Eddie LaCrosse,Wake of the Bloody Angel,2012
private-eye-fantasy,Fetch Phillips Archives,Dead Man in a Ditch,2020
private-eye-fantasy,Fetch Phillips Archives,One Foot in the Fade,2022
private-eye-fantasy,Fetch Phillips Archives,The Last Smile in Sunder City,2020
private-eye-fantasy,Fetch Phillips Archives,Whisper in the Wind,2025
private-eye-fantasy,Harmattan Season,Harmattan Season,2025
private-eye-fantasy,No Gods for Drowning,No Gods for Drowning,2022
private-eye-fantasy,Threads That Bind,Threads That Bind,2023
projected-realities,Destroy All Monsters,Destroy All Monsters,2019
projected-realities,Peaces,Peaces,2021
projected-realities,Prophet,Prophet,2023
projected-realities,The Unconsoled,The Unconsoled,1995
projected-realities,The Unlimited Dream Company,The Unlimited Dream Company,1979
projected-realities,The Wind-Up Bird Chronicle,The Wind-Up Bird Chronicle,1994
projected-realities,Time Out of Joint,Time Out of Joint,1959
projected-worlds,The Illustrated Man,The Illustrated Man,1951
projected-worlds,The Invention of Morel,The Invention of Morel,1940
proletariat-fantasy,Grace and Fury,Grace and Fury,2018
proletariat-fantasy,Grace and Fury,Queen of Ruin,2020
proletariat-fantasy,Mage of Fools,Mage of Fools,2022
proletariat-fantasy,Metal from Heaven,Metal from Heaven,2024
proletariat-fantasy,The Drowned World Duology,Fathomfolk,2024
proletariat-fantasy,The Drowned World Duology,Tideborn,2025
psi-powers,Carrie,Carrie,1974
psi-powers,Dying Inside,Dying Inside,1972
psi-powers,Mother London,Mother London,1988
psi-powers,Riot Baby,Riot Baby,2020
psi-powers,The Institute,The Institute,2019
psi-powers,The Man Who Saw Seconds,The Man Who Saw Seconds,2024
psi-powers,The Philosopher's Stone,The Philosopher's Stone,1969
psi-powers,The Sending,The Sending,1980
psi-powers,Twelve Days,Twelve Days,2017
psionics,A Plague of Pythons,A Plague of Pythons,1962
psionics,Drunkard's Walk,Drunkard's Walk,1960
psionics,Gabriel's Body,Gabriel's Body,1992
psionics,Hauser's Memory,Hauser's Memory,1968
psionics,Life During Wartime,Life During Wartime,1987
psionics,Slan,Slan,1940
psionics,Slan,Slan Hunter,2007
psionics,The Demolished Man,The Demolished Man,1953
psionics,The Lathe of Heaven,The Lathe of Heaven,1971
psionics,Ubik,Ubik,1969
psychogeographic-fabulation,Airside,Airside,2023
psychogeographic-fabulation,Lanark: A Life in Four Books,Lanark: A Life in Four Books,1981
psychogeographic-fabulation,Only Forward,Only Forward,1994
psychogeographic-fabulation,Terrace Story,Terrace Story,2023
psychogeographic-fabulation,The Bridge,The Bridge,1986
psychogeographic-fabulation,The Day of Creation,The Day of Creation,1987
psychogeographic-fabulation,The Escapement,The Escapement,2021
psychogeographic-fabulation,The Evidence,The Evidence,2020
psychogeographic-fabulation,The Infernal Desire Machines of Doctor Hoffman,The Infernal Desire Machines of Doctor Hoffman,1972
psychological-sf,Crash,Crash,1973
psychological-sf,Flowers for Algernon,Flowers for Algernon,1966
psychological-sf,Starburst,Starburst,1982
psychological-sf,The Embedding,The Embedding,1973
psychological-sf,The Essence,The Essence,2025
psychological-sf,The Three Stigmata of Palmer Eldritch,The Three Stigmata of Palmer Eldritch,1965
pulp-fantasy,Roads,Roads,1938
pulp-fantasy,Slaves of Sleep,Slaves of Sleep,1939
pulp-fantasy,Slaves of Sleep,The Masters of Sleep,1950
pulp-fantasy,The Albion Triptych,Gog,1967
pulp-fantasy,The Albion Triptych,King Ludd,1988
pulp-fantasy,The Albion Triptych,Magog,1972
pulp-fantasy,The Hood,The Hood,2021
pulp-fantasy,The Kouga Ninja Scrolls,The Kouga Ninja Scrolls,1959
pulp-fantasy,The War Hound and the World's Pain,The War Hound and the World's Pain,1981
pulp-space-empire,Canopus in Argos,Documents Relating to the Sentimental Agents in the Volyen Empire,1983
pulp-space-empire,Canopus in Argos,"Re: Colonised Planet 5, Shikasta",1979
pulp-space-empire,Canopus in Argos,The Making of the Representative for Planet 8,1982
pulp-space-empire,Canopus in Argos,"The Marriages Between Zones Three, Four, and Five",1980
pulp-space-empire,Canopus in Argos,The Sirian Experiments,1981
pulp-space-empire,Cities in Flight,A Life for the Stars,1962
pulp-space-empire,Cities in Flight,"Earthman, Come Home",1955
pulp-space-empire,Cities in Flight,The Triumph of Time,1958
pulp-space-empire,Cities in Flight,They Shall Have Stars,1956
pulp-space-empire,Double Star,Double Star,1956
pulp-space-empire,Judgment Night,Judgment Night,1943
pulp-space-empire,Nova,Nova,1968
pulp-space-empire,The Centauri Device,The Centauri Device,1974
pulp-space-empire,The Technic Civilization Saga,Captain Flandry: Defender of the Terran Empire,2009
pulp-space-empire,The Technic Civilization Saga,David Falkayn: Star Trader,2008
pulp-space-empire,The Technic Civilization Saga,Flandry's Legacy,2010
pulp-space-empire,The Technic Civilization Saga,Rise of the Terran Empire,2009
pulp-space-empire,The Technic Civilization Saga,Sir Dominic Flandry: The Last Knight of Terra,2010
pulp-space-empire,The Technic Civilization Saga,The Van Rijn Method,2008
pulp-space-empire,The Technic Civilization Saga,Young Flandry,2009
pulp-space-odyssey,Have Space Suit -- Will Travel,Have Space Suit -- Will Travel,1958
pulp-space-odyssey,The Heechee Saga,Beyond the Blue Event Horizon,1980
pulp-space-odyssey,The Heechee Saga,Gateway,1977
pulp-space-odyssey,The Heechee Saga,Heechee Rendezvous,1984
pulp-space-odyssey,The Heechee Saga,The Annals of the Heechee,1987
pulp-space-odyssey,The Heechee Saga,The Boy Who Would Live Forever,2004
pulp-space-odyssey,The Heechee Saga,The Gateway Trip,1990
pulp-space-odyssey,The High Crusade,The High Crusade,1960
pulp-space-odyssey,The Stars My Destination,The Stars My Destination,1956
pulp-space-odyssey,The Witches of Karres,The Shaman of Karres,2020
pulp-space-odyssey,The Witches of Karres,The Sorceress of Karres,2009
pulp-space-odyssey,The Witches of Karres,The Witches of Karres,1966
pulp-sword-and-sorcery,Anji Kills a King,Anji Kills a King,2025
pulp-sword-and-sorcery,Chronicles of the Raven,Dawnthief,1999
pulp-sword-and-sorcery,Chronicles of the Raven,Demonstorm,2004
pulp-sword-and-sorcery,Chronicles of the Raven,Elfsorrow,2002
pulp-sword-and-sorcery,Chronicles of the Raven,Nightchild,2001
pulp-sword-and-sorcery,Chronicles of the Raven,Noonshade,2000
pulp-sword-and-sorcery,Chronicles of the Raven,Ravensoul,2008
pulp-sword-and-sorcery,Chronicles of the Raven,Shadowheart,2003
pulp-sword-and-sorcery,Fafhrd and the Gray Mouser,Swords Against Death,1970
pulp-sword-and-sorcery,Fafhrd and the Gray Mouser,Swords Against Wizardry,1968
pulp-sword-and-sorcery,Fafhrd and the Gray Mouser,Swords and Deviltry,1970
pulp-sword-and-sorcery,Fafhrd and the Gray Mouser,Swords and Ice Magic,1977
pulp-sword-and-sorcery,Fafhrd and the Gray Mouser,Swords in the Mist,1968
pulp-sword-and-sorcery,Fafhrd and the Gray Mouser,The Knight and Knave of Swords,1988
pulp-sword-and-sorcery,Fafhrd and the Gray Mouser,The Swords of Lankhmar,1968
pulp-sword-and-sorcery,The Black Company,Bleak Seasons,1996
pulp-sword-and-sorcery,The Black Company,Dreams of Steel,1990
pulp-sword-and-sorcery,The Black Company,Shadow Games,1989
pulp-sword-and-sorcery,The Black Company,Shadows Linger,1984
pulp-sword-and-sorcery,The Black Company,She Is the Darkness,1997
pulp-sword-and-sorcery,The Black Company,Soldiers Live,2000
pulp-sword-and-sorcery,The Black Company,The Black Company,1984
pulp-sword-and-sorcery,The Black Company,The White Rose,1985
pulp-sword-and-sorcery,The Black Company,Water Sleeps,1999
pulp-sword-and-sorcery,The Tritonian Ring and Other Pusadian Tales,The Tritonian Ring and Other Pusadian Tales,1953
pulp-sword-and-sorcery,Thieves' World (Abbey novels),Rifkind's Challenge,2007
pulp-sword-and-sorcery,Thieves' World (Abbey novels),Sanctuary,2003
quest-thresholds,Game of Shadows,Game of Shadows,2017
quest-thresholds,The Book of Doors,The Book of Doors,2024
quest-thresholds,The Ship of Ishtar,The Ship of Ishtar,1924
quest-thresholds,The Staircase in the Woods,The Staircase in the Woods,2025
quest-thresholds,The Ten Thousand Doors of January,The Ten Thousand Doors of January,2019
rain-drowned-worlds,A Children's Bible,A Children's Bible,2020
rain-drowned-worlds,Awake in the Floating City,Awake in the Floating City,2025
rain-drowned-worlds,Mother of Storms,Mother of Storms,1994
rain-drowned-worlds,Private Rites,Private Rites,2024
ranger-hero,The Legend of Drizzt,Archmage,2015
ranger-hero,The Legend of Drizzt,Boundless,2019
ranger-hero,The Legend of Drizzt,Charon's Claw,2012
ranger-hero,The Legend of Drizzt,Exile,1990
ranger-hero,The Legend of Drizzt,Gauntlgrym,2010
ranger-hero,The Legend of Drizzt,Glacier's Edge,2022
ranger-hero,The Legend of Drizzt,Hero,2016
ranger-hero,The Legend of Drizzt,Homeland,1990
ranger-hero,The Legend of Drizzt,Lolth's Warrior,2023
ranger-hero,The Legend of Drizzt,Maestro,2016
ranger-hero,The Legend of Drizzt,Neverwinter,2011
ranger-hero,The Legend of Drizzt,Night of the Hunter,2014
ranger-hero,The Legend of Drizzt,Passage to Dawn,1996
ranger-hero,The Legend of Drizzt,Promise of the Witch King,2005
ranger-hero,The Legend of Drizzt,Relentless,2020
ranger-hero,The Legend of Drizzt,Rise of the King,2014
ranger-hero,The Legend of Drizzt,Road of the Patriarch,2006
ranger-hero,The Legend of Drizzt,Sea of Swords,2001
ranger-hero,The Legend of Drizzt,Servant of the Shard,2000
ranger-hero,The Legend of Drizzt,Siege of Darkness,1994
ranger-hero,The Legend of Drizzt,Sojourn,1991
ranger-hero,The Legend of Drizzt,Starless Night,1993
ranger-hero,The Legend of Drizzt,Starlight Enclave,2021
ranger-hero,The Legend of Drizzt,Streams of Silver,1989
ranger-hero,The Legend of Drizzt,The Companions,2013
ranger-hero,The Legend of Drizzt,The Crystal Shard,1988
ranger-hero,The Legend of Drizzt,The Ghost King,2009
ranger-hero,The Legend of Drizzt,The Halfling's Gem,1990
ranger-hero,The Legend of Drizzt,The Last Threshold,2013
ranger-hero,The Legend of Drizzt,The Legacy,1992
ranger-hero,The Legend of Drizzt,The Lone Drow,2003
ranger-hero,The Legend of Drizzt,The Orc King,2007
ranger-hero,The Legend of Drizzt,The Pirate King,2008
ranger-hero,The Legend of Drizzt,The Silent Blade,1998
ranger-hero,The Legend of Drizzt,The Spine of the World,1999
ranger-hero,The Legend of Drizzt,The Thousand Orcs,2002
ranger-hero,The Legend of Drizzt,The Two Swords,2004
ranger-hero,The Legend of Drizzt,Timeless,2018
ranger-hero,The Legend of Drizzt,Vengeance of the Iron Dwarf,2015
ranger-hero,The Skybound Saga,Black Wings Beating,2018
ranger-hero,The Skybound Saga,Gold Wings Rising,2020
ranger-hero,The Skybound Saga,Red Skies Falling,2019
regicide-fantasy,Legacy of Orïsha,Children of Anguish and Anarchy,2024
regicide-fantasy,Legacy of Orïsha,Children of Blood and Bone,2018
regicide-fantasy,Legacy of Orïsha,Children of Virtue and Vengeance,2019
regicide-fantasy,Red Queen,Red Queen,2015
regicide-fantasy,The Merciful Crow Duology,The Faithless Hawk,2020
regicide-fantasy,The Merciful Crow Duology,The Merciful Crow,2019
reincarnation-fiction,Cloud Atlas,Cloud Atlas,2004
reincarnation-fiction,Downward to the Earth,Downward to the Earth,1970
reincarnation-fiction,Geodyssey,Climate of Change,2010
reincarnation-fiction,Geodyssey,Hope of Earth,1997
reincarnation-fiction,Rakesfall,Rakesfall,2024
reincarnation-fiction,The Book of Ptath,The Book of Ptath,1943
residual-haunting,A House with Good Bones,A House with Good Bones,2023
residual-haunting,A Room Away From the Wolves,A Room Away From the Wolves,2018
residual-haunting,Plain Bad Heroines,Plain Bad Heroines,2020
residual-haunting,Red Rabbit Ghost,Red Rabbit Ghost,2025
retconned-worlds,Major Arcana,Major Arcana,2024
retro-space-opera,Radiance,Radiance,2015
retro-space-opera,Revenger,Bone Silence,2020
retro-space-opera,Revenger,Revenger,2016
retro-space-opera,Revenger,Shadow Captain,2019
retro-space-opera,The Finder Chronicles,Driving the Deep,2020
retro-space-opera,The Finder Chronicles,Finder,2019
retro-space-opera,The Finder Chronicles,Ghostdrift,2024
retro-space-opera,The Finder Chronicles,The Scavenger Door,2021
retro-space-opera,The Principle of Moments,The Principle of Moments,2024
retro-space-opera,The Space Opera,Space Oddity,2024
retro-space-opera,The Space Opera,Space Opera,2018
revisionist-quest-fantasy,Salvation's Fire,Salvation's Fire,2018
revisionist-quest-fantasy,Tess of the Road,Tess of the Road,2018
revisionist-quest-fantasy,The Breath of the Sun,The Breath of the Sun,2018
revisionist-quest-fantasy,The Chronicles of Thomas Covenant the Unbeliever,Lord Foul's Bane,1977
revisionist-quest-fantasy,The Chronicles of Thomas Covenant the Unbeliever,The Illearth War,1977
revisionist-quest-fantasy,The Chronicles of Thomas Covenant the Unbeliever,The Power That Preserves,1979
revisionist-quest-fantasy,The Clocktaur War,Clockwork Boys,2017
revisionist-quest-fantasy,The Clocktaur War,The Wonder Engine,2018
revisionist-quest-fantasy,The Lands of the Firstborn,The Sword Defiant,2023
revisionist-quest-fantasy,The Lands of the Firstborn,The Sword Triumphant,2025
revisionist-quest-fantasy,The Lands of the Firstborn,The Sword Unbound,2024
revisionist-quest-fantasy,The Last Unicorn,The Last Unicorn,1968
revisionist-quest-fantasy,The Nightward,The Nightward,2024
revisionist-quest-fantasy,The Serpent Gates,The Thousand Eyes,2022
revisionist-quest-fantasy,The Serpent Gates,The Unspoken Name,2020
revival-quest-fantasy,Quest for the Fallen Star,Quest for the Fallen Star,1998
revival-quest-fantasy,Realm Breaker,Blade Breaker,2022
revival-quest-fantasy,Realm Breaker,Fate Breaker,2024
revival-quest-fantasy,Realm Breaker,Realm Breaker,2019
revival-quest-fantasy,The Annals of Lindormyn,A Fire in the North,2008
revival-quest-fantasy,The Annals of Lindormyn,The Wanderer's Tale,2007
revival-quest-fantasy,The Eternal Sky,Range of Ghosts,2012
revival-quest-fantasy,The Eternal Sky,Shattered Pillars,2013
revival-quest-fantasy,The Eternal Sky,Steles of the Sky,2014
revival-quest-fantasy,The Sorcerer's Song,A Chorus of Fire,2020
revival-quest-fantasy,The Sorcerer's Song,The Bard's Blade,2020
revival-quest-fantasy,The Sorcerer's Song,The Sword's Elegy,2022
revival-quest-fantasy,The Symphony of Ages,Destiny,2002
revival-quest-fantasy,The Symphony of Ages,Elegy for a Lost Star,2005
revival-quest-fantasy,The Symphony of Ages,Prophecy,2001
revival-quest-fantasy,The Symphony of Ages,Requiem for the Sun,2003
revival-quest-fantasy,The Symphony of Ages,Rhapsody,2000
revival-quest-fantasy,The Symphony of Ages,The Assassin King,2007
revival-quest-fantasy,The Symphony of Ages,The Hollow Queen,2015
revival-quest-fantasy,The Symphony of Ages,The Merchant Emperor,2014
revival-quest-fantasy,The Symphony of Ages,The Weaver's Lament,2016
revolutionary-cyberpunk,Extremophile,Extremophile,2024
revolutionary-cyberpunk,Stealing Worlds,Stealing Worlds,2019
revolutionary-space-opera,Empress of Forever,Empress of Forever,2019
revolutionary-space-opera,Far Stars,Enemy in the Dark,2015
revolutionary-space-opera,Far Stars,Funeral Games,2016
revolutionary-space-opera,Far Stars,Shadow of Empire,2015
revolutionary-space-opera,Flames of Rebellion,Flames of Rebellion,2017
revolutionary-space-opera,Seven Devils,Seven Devils,2020
revolutionary-space-opera,Seven Devils,Seven Mercies,2022
revolutionary-space-opera,Sweep of Stars,Sweep of Stars,2022
revolutionary-space-opera,The Bloodright Trilogy,Bonds of Brass,2020
revolutionary-space-opera,The Bloodright Trilogy,Oaths of Legacy,2021
revolutionary-space-opera,The Bloodright Trilogy,Vows of Empire,2022
revolutionary-space-opera,The Graven,Azura Ghost,2022
revolutionary-space-opera,The Graven,Ethera Grave,2023
revolutionary-space-opera,The Graven,Nophek Gloss,2020
revolutionary-space-opera,The Sun Chronicles,Furious Heaven,2023
revolutionary-space-opera,The Sun Chronicles,Unconquerable Sun,2020
rewired-minds,A Scanner Darkly,A Scanner Darkly,1977
rewired-minds,Fools,Fools,1992
rewired-minds,Frankissstein,Frankissstein,2019
rewired-minds,Slant,Slant,1997
rewired-minds,The Century Next Door,Candle,2000
rewired-minds,The Century Next Door,Kaleidoscope Century,1995
rewired-minds,The Century Next Door,The Sky So Big and Black,2002
rewired-minds,The Speed of Dark,The Speed of Dark,2002
rewired-minds,The This,The This,2022
rivals-to-lovers-romantasy,Crowns of Nyaxia,Slaying the Vampire Conqueror,2025
rivals-to-lovers-romantasy,Crowns of Nyaxia,The Ashes & the Star-Cursed King,2023
rivals-to-lovers-romantasy,Crowns of Nyaxia,The Fallen & the Kiss of Dusk,2025
rivals-to-lovers-romantasy,Crowns of Nyaxia,The Lion & the Deathless Dark,2026
rivals-to-lovers-romantasy,Crowns of Nyaxia,The Serpent & the Wings of Night,2022
rivals-to-lovers-romantasy,Crowns of Nyaxia,The Songbird & the Heart of Stone,2024
rivals-to-lovers-romantasy,Divine Rivals,Divine Rivals,2023
rivals-to-lovers-romantasy,Fire Power,Fire Power,2026
rivals-to-lovers-romantasy,Hart and Mercy,The Undercutting of Rosie and Adam,2025
rivals-to-lovers-romantasy,Hart and Mercy,The Undermining of Twyla and Frank,2024
rivals-to-lovers-romantasy,Hart and Mercy,The Undertaking of Hart and Mercy,2022
rivals-to-lovers-romantasy,Heartstone,Dragonshadow,2017
rivals-to-lovers-romantasy,Heartstone,Flamebringer,2018
rivals-to-lovers-romantasy,Heartstone,Heartstone,2016
rivals-to-lovers-romantasy,Nemesis Mine,Nemesis Mine,2026
rivals-to-lovers-romantasy,One for My Enemy,One for My Enemy,2022
rivals-to-lovers-romantasy,The Court of Venus,The Court of Venus,2026
robot-relations,Genesis,Genesis,2006
robot-relations,"I, Robot","I, Robot",1950
robot-relations,Mechanize My Hands to War,Mechanize My Hands to War,2024
robot-relations,Sunward,Sunward,2025
robot-relations,The Robots of Gotham,The Robots of Gotham,2018
robot-relations,We Lived on the Horizon,We Lived on the Horizon,2025
rococo-fantasy,The Kingdom of Back,The Kingdom of Back,2020
rogue-hero,Dragaera,Brokedown Palace,1986
rogue-hero,Dragaera,Dragon,1998
rogue-hero,Dragaera,Dzur,2006
rogue-hero,Dragaera,Five Hundred Years After,1994
rogue-hero,Dragaera,Hawk,2014
rogue-hero,Dragaera,Iorich,2010
rogue-hero,Dragaera,Issola,2001
rogue-hero,Dragaera,Jhegaala,2008
rogue-hero,Dragaera,Lyorn,2024
rogue-hero,Dragaera,Sethra Lavode,2004
rogue-hero,Dragaera,The Baron of Magister Valley,2020
rogue-hero,Dragaera,The Lord of Castle Black,2003
rogue-hero,Dragaera,The Paths of the Dead,2002
rogue-hero,Dragaera,The Phoenix Guards,1991
rogue-hero,Dragaera,Tiassa,2011
rogue-hero,Dragaera,Tsalmoth,2023
rogue-hero,Dragaera,Vallista,2017
rogue-hero,The Dead Cat Tail Assassins,The Dead Cat Tail Assassins,2024
rogue-hero,The Realm of the Elderlings,Assassin's Apprentice,1995
rogue-hero,The Realm of the Elderlings,Assassin's Fate,2017
rogue-hero,The Realm of the Elderlings,Assassin's Quest,1997
rogue-hero,The Realm of the Elderlings,Blood of Dragons,2013
rogue-hero,The Realm of the Elderlings,City of Dragons,2012
rogue-hero,The Realm of the Elderlings,Dragon Haven,2010
rogue-hero,The Realm of the Elderlings,Dragon Keeper,2009
rogue-hero,The Realm of the Elderlings,Fool's Assassin,2014
rogue-hero,The Realm of the Elderlings,Fool's Errand,2001
rogue-hero,The Realm of the Elderlings,Fool's Fate,2003
rogue-hero,The Realm of the Elderlings,Fool's Quest,2015
rogue-hero,The Realm of the Elderlings,Golden Fool,2003
rogue-hero,The Realm of the Elderlings,Mad Ship,1999
rogue-hero,The Realm of the Elderlings,Royal Assassin,1996
rogue-hero,The Realm of the Elderlings,Ship of Destiny,2000
rogue-hero,The Realm of the Elderlings,Ship of Magic,1998
rogue-hero,The Wounded Kingdom,Age of Assassins,2017
rogue-hero,The Wounded Kingdom,Blood of Assassins,2018
rogue-hero,The Wounded Kingdom,King of Assassins,2018
roman-myth-fantasy,Mother of Rome,Mother of Rome,2025
samizdat-fantasy,The Books of Ambha,Empire of Sand,2018
samizdat-fantasy,The Books of Ambha,Realm of Ash,2019
samizdat-fantasy,The Jasmine Throne,The Jasmine Throne,2021
samizdat-fantasy,The Jasmine Throne,The Oleander Sword,2022
samizdat-fantasy,The Nameless Republic trilogy,Season of the Serpent,2026
samizdat-fantasy,The Nameless Republic trilogy,Son of the Storm,2021
samizdat-fantasy,The Nameless Republic trilogy,Warrior of the Wind,2023
samizdat-fantasy,The Waking Land,The Memory of Fire,2018
samizdat-fantasy,The Waking Land,The Soul of Power,2019
samizdat-fantasy,The Waking Land,The Waking Land,2017
samizdat-fantasy,Tigana,Tigana,1990
satanic-torment,Rosemary's Baby,Rosemary's Baby,1967
satanic-torment,The Master and Margarita,The Master and Margarita,1967
satanic-torment,The Private Memoirs and Confessions of a Justified Sinner,The Private Memoirs and Confessions of a Justified Sinner,1824
satirical-utopia,A Strange Manuscript Found in a Copper Cylinder,A Strange Manuscript Found in a Copper Cylinder,1888
satirical-utopia,Erewhon,Erewhon,1872
satirical-utopia,Erewhon,Erewhon Revisited,1901
satirical-utopia,Gargantua and Pantagruel,Gargantua and Pantagruel,1532
satirical-utopia,Giles Goat-Boy,Giles Goat-Boy,1966
satirical-utopia,"Looking Backward, From The Year 2000","Looking Backward, From The Year 2000",1973
satirical-utopia,Seven Days in New Crete,Seven Days in New Crete,1949
satirical-utopia,Utopia,Utopia,1516
scientific-adventure,A Journey in Other Worlds,A Journey in Other Worlds,1894
scientific-adventure,The Island of Dr. Moreau,The Island of Dr. Moreau,1896
scientific-adventure,Twenty Thousand Leagues Under the Sea,Twenty Thousand Leagues Under the Sea,1870
scientific-adventure,Two Planets,Two Planets,1897
scorched-worlds,City of Dancing Gargoyles,City of Dancing Gargoyles,2024
scorched-worlds,Parable,Parable of the Sower,1993
scorched-worlds,Parable,Parable of the Talents,1998
scorched-worlds,Pink Slime,Pink Slime,2024
scorched-worlds,Theory of Bastards,Theory of Bastards,2018
screwball-fantasy,Blob,Blob,2025
screwball-fantasy,Bunny,Bunny,2019
screwball-fantasy,Bunny,"We Love You, Bunny",2025
screwball-fantasy,Topper,Topper,1926
screwball-fantasy,Topper,Topper Takes a Trip,1932
screwball-fantasy,Turnabout,Turnabout,1931
screwball-fantasy,Zuleika Dobson,Zuleika Dobson,1911
scripted-books-in-books,Acts of God,Acts of God,2025
scripted-books-in-books,The Anomaly,The Anomaly,2020
scripted-books-in-books,We Computers,We Computers,2022
scripted-hard-magic,Middlegame,Middlegame,2019
scripted-hard-magic,The Founders Trilogy,Foundryside,2018
scripted-hard-magic,The Founders Trilogy,Locklands,2022
scripted-hard-magic,The Founders Trilogy,Shorefall,2020
scripted-hard-magic,The Naming Song,The Naming Song,2024
scripted-hard-magic,The Old Kingdom,Abhorsen,2003
scripted-hard-magic,The Old Kingdom,Clariel,2014
scripted-hard-magic,The Old Kingdom,Goldenhand,2016
scripted-hard-magic,The Old Kingdom,Lirael,2001
scripted-hard-magic,The Old Kingdom,Sabriel,1995
scripted-hard-magic,The Old Kingdom,Terciel & Elinor,2021
sea-drowned-worlds,Flood and Ark,Ark,2009
sea-drowned-worlds,Flood and Ark,Flood,2008
sea-drowned-worlds,Landfall,Landfall,2025
sea-drowned-worlds,Sea Now,Sea Now,2025
sea-drowned-worlds,Ship Breaker,Ship Breaker,2010
sea-drowned-worlds,Ship Breaker,The Drowned Cities,2012
sea-drowned-worlds,Ship Breaker,Tool of War,2017
sea-drowned-worlds,The Coral Bones,The Coral Bones,2022
sea-drowned-worlds,The Drowned World,The Drowned World,1962
secluded-utopias,Chronicles of Sumer,The Horizon,2021
secluded-utopias,Chronicles of Sumer,The Wall,2020
secluded-utopias,Islandia,Islandia,1942
secluded-utopias,Lost Horizon,Lost Horizon,1933
secluded-utopias,Oath of Fealty,Oath of Fealty,1981
secluded-utopias,The Glass Bead Game,The Glass Bead Game,1943
secluded-utopias,The Santaroga Barrier,The Santaroga Barrier,1968
secluded-utopias,Venus Plus X,Venus Plus X,1960
sensory-magic-realism,Eartheater,Eartheater,2019
sensory-magic-realism,Fault Lines,Fault Lines,2023
sensory-magic-realism,Perfume,Perfume,1985
sensory-magic-realism,Split the Sky,Split the Sky,2025
sensory-magic-realism,The Book of Form and Emptiness,The Book of Form and Emptiness,2021
shapeshifters-in-gaslight,Little Women and Werewolves,Little Women and Werewolves,2010
shapeshifters-in-gaslight,My Brother's Keeper,My Brother's Keeper,2023
shapeshifters-in-gaslight,The Fox Wife,The Fox Wife,2024
shenmo,The Chronicles of Master Li and Number Ten Ox,Bridge of Birds,1984
shenmo,The Chronicles of Master Li and Number Ten Ox,Eight Skilled Gentlemen,1991
shenmo,The Chronicles of Master Li and Number Ten Ox,The Story of the Stone,1988
sociological-sf,Catherine House,Catherine House,2020
sociological-sf,Hellstrom's Hive,Hellstrom's Hive,1973
sociological-sf,Her Smoke Rose Up Forever,Her Smoke Rose Up Forever,1990
sociological-sf,More Than Human,More Than Human,1953
sociological-sf,The Weight of the Stars,The Weight of the Stars,2019
soldier-fantasy,Dragonmaster,Knighthood of the Dragon,2003
soldier-fantasy,Elves,Elves: Beyond the Mists of Katura,2013
soldier-fantasy,Elves,Elves: Once Walked With Gods,2010
soldier-fantasy,Elves,Elves: Rise of the TaiGethen,2012
soldier-fantasy,Havemercy,Dragon Soul,2010
soldier-fantasy,Havemercy,Havemercy,2008
soldier-fantasy,Havemercy,Shadow Magic,2009
soldier-fantasy,Havemercy,Steelhands,2011
soldier-fantasy,Signal Airship,By Fire Above,2018
soldier-fantasy,Signal Airship,The Guns Above,2017
soldier-fantasy,The Poppy War,The Burning God,2020
soldier-fantasy,The Poppy War,The Dragon Republic,2019
soldier-fantasy,The Poppy War,The Poppy War,2018
soldier-fantasy,We Rule the Night,We Rule the Night,2019
space-academy,Some Desperate Glory,Some Desperate Glory,2023
space-academy,The Ender Universe,Children of the Fleet,2017
space-academy,The Ender Universe,Children of the Mind,1996
space-academy,The Ender Universe,Earth Afire,2013
space-academy,The Ender Universe,Earth Awakens,2014
space-academy,The Ender Universe,Earth Unaware,2012
space-academy,The Ender Universe,Ender in Exile,2008
space-academy,The Ender Universe,Ender's Game,1985
space-academy,The Ender Universe,Ender's Shadow,1999
space-academy,The Ender Universe,Shadow Puppets,2002
space-academy,The Ender Universe,Shadow of the Giant,2005
space-academy,The Ender Universe,Shadow of the Hegemon,2001
space-academy,The Ender Universe,Shadows in Flight,2011
space-academy,The Ender Universe,Speaker for the Dead,1986
space-academy,The Ender Universe,The Hive,2019
space-academy,The Ender Universe,The Last Shadow,2021
space-academy,The Ender Universe,The Swarm,2016
space-academy,The Ender Universe,Xenocide,1991
space-armada,Starfire,Crusade,1992
space-armada,Starfire,Exodus,2007
space-armada,Starfire,Insurrection,1990
space-armada,Starfire,The Shiva Option,1993
space-armada,The Cruel Stars,The Cruel Stars,2019
space-armada,The Cruel Stars,The Shattered Skies,2021
space-armada,The Lightship Chronicles,Defiant,2017
space-armada,The Lightship Chronicles,Impulse,2015
space-armada,The Lightship Chronicles,Starbound,2016
space-armada,The Lost Fleet,Courageous,2007
space-armada,The Lost Fleet,Dauntless,2006
space-armada,The Lost Fleet,Dreadnaught,2011
space-armada,The Lost Fleet,Fearless,2007
space-armada,The Lost Fleet,Guardian,2013
space-armada,The Lost Fleet,Invincible,2012
space-armada,The Lost Fleet,Leviathan,2015
space-armada,The Lost Fleet,Relentless,2009
space-armada,The Lost Fleet,Steadfast,2014
space-armada,The Lost Fleet,The Genesis Fleet: Triumphant,2019
space-armada,The Lost Fleet,The Genesis Fleet: Vanguard,2017
space-armada,The Lost Fleet,The Lost Fleet: Outlands: Implacable,2023
space-armada,The Lost Fleet,The Lost Fleet: Outlands: Resolute,2022
space-armada,The Lost Fleet,The Lost Stars: Perilous Shield,2013
space-armada,The Lost Fleet,The Lost Stars: Tarnished Knight,2012
space-armada,The Lost Fleet,Valiant,2008
space-armada,The Lost Fleet,Victorious,2010
space-armada,The Serrano Legacy,Once a Hero,1997
space-armada,The Serrano Legacy,Rules of Engagement,1998
space-armada,The Serrano Legacy,The Serrano Connection,2002
space-armada,The Serrano Legacy,The Serrano Succession,2003
space-caper,Hammajang Luck,Hammajang Luck,2024
space-caper,Lady Eve's Last Con,Lady Eve's Last Con,2024
space-caper,Song of Spores,Song of Spores,2025
space-caper,The Salvation Gambit,The Salvation Gambit,2023
space-chase,Against a Dark Background,Against a Dark Background,1993
space-chase,Dark Diamond,Dark Diamond,2025
space-chase,Disappearing Act,Disappearing Act,2004
space-chase,Nightmare Blue,Nightmare Blue,1975
space-chase,Outer Earth,Impact,2016
space-chase,Outer Earth,Zero-G,2016
space-chase,Red Star Hustle,Red Star Hustle,2025
space-chase,Sasha Naradnyo,Chain of Command,2017
space-chase,Sasha Naradnyo,Come the Revolution,2015
space-chase,Sasha Naradnyo,How Dark the World Becomes,2013
space-chase,Sirantha Jax,Aftermath,2011
space-chase,Sirantha Jax,Doubleblind,2009
space-chase,Sirantha Jax,Endgame,2012
space-chase,Sirantha Jax,Grimspace,2008
space-chase,Sirantha Jax,Killbox,2010
space-chase,Sirantha Jax,Wanderlust,2008
space-chase,The Billion Worlds,The Godel Operation,2021
space-chase,The Billion Worlds,The Ishtar Deception,2026
space-chase,The Billion Worlds,The Scarab Mission,2023
space-combat,Moonstorm,Moonstorm,2024
space-combat,Moonstorm,Starstrike,2025
space-combat,The Bastard Legion,The Bastard Legion,2017
space-combat,The Bastard Legion,The Bastard Legion: Friendly Fire,2017
space-combat,The Bastard Legion,The Bastard Legion: War Criminals,2019
space-combat,The Paradox Trilogy,Fortune's Pawn,2013
space-combat,The Paradox Trilogy,Heaven's Queen,2014
space-combat,The Paradox Trilogy,Honor's Knight,2014
space-combat,Where Peace Is Lost,Where Peace Is Lost,2023
space-combat,Ymir,Ymir,2022
space-command,Ninefox Gambit,Ninefox Gambit,2016
space-command,Ninefox Gambit,Raven Stratagem,2017
space-command,Ninefox Gambit,Revenant Gun,2018
space-command,The General,The Anvil,1993
space-command,The General,The Chosen,1996
space-command,The General,The Forge,1991
space-command,The General,The Hammer,1992
space-command,The General,The Heretic,2013
space-command,The General,The Reformer,1999
space-command,The General,The Savior,2014
space-command,The General,The Steel,1993
space-command,The General,The Sword,1995
space-command,The General,The Tyrant,2002
space-command,The Palace of Eternity,The Palace of Eternity,1969
space-command,Trinity,Trinity,2021
space-command,Trinity,Trinity's Children,2022
space-corvette,Hearthspace,Hearthspace,2025
space-corvette,In the Black,In the Black,2020
space-corvette,Prison Ship,Prison Ship,2009
space-corvette,Providence,Providence,2020
space-corvette,Vatta's War,Cold Welcome,2017
space-corvette,Vatta's War,Command Decision,2007
space-corvette,Vatta's War,Engaging the Enemy,2006
space-corvette,Vatta's War,Into the Fire,2018
space-corvette,Vatta's War,Marque and Reprisal,2004
space-corvette,Vatta's War,Trading in Danger,2003
space-corvette,Vatta's War,Victory Conditions,2008
space-dystopias,A Time of Changes,A Time of Changes,1971
space-dystopias,An Unkindness of Ghosts,An Unkindness of Ghosts,2017
space-dystopias,Dead Souls,Dead Souls,2025
space-dystopias,Fortress Sol,Fortress Sol,2024
space-dystopias,Red Rising,Dark Age,2019
space-dystopias,Red Rising,Golden Son,2015
space-dystopias,Red Rising,Iron Gold,2018
space-dystopias,Red Rising,Light Bringer,2023
space-dystopias,Red Rising,Morning Star,2016
space-dystopias,Red Rising,Red Rising,2014
space-dystopias,The Dred Chronicles,Breakout,2015
space-dystopias,The Dred Chronicles,Havoc,2014
space-dystopias,The Dred Chronicles,Perdition,2013
space-dystopias,The Last Contract of Isako,The Last Contract of Isako,2026
space-dystopias,The Thick and the Lean,The Thick and the Lean,2023
space-mystery,Bitter Angels,Bitter Angels,2009
space-mystery,Places in the Darkness,Places in the Darkness,2017
space-mystery,The Investigations of Mossa & Pleiti,The Imposition of Unnecessary Obstacles,2024
space-mystery,The Investigations of Mossa & Pleiti,The Mimicking of Known Successes,2023
space-romance,Alien Affairs,Close Encounters,2009
space-romance,Saga of the Skolian Empire,Carnelians,2011
space-romance,Saga of the Skolian Empire,Diamond Star,2009
space-romance,Saga of the Skolian Empire,Gold Dust,2020
space-romance,Saga of the Skolian Empire,The Bronze Skies,2017
space-romance,Saga of the Skolian Empire,The Jigsaw Assassin,2022
space-romance,Saga of the Skolian Empire,The Ruby Dice,2008
space-romance,Saga of the Skolian Empire,The Vanished Seas,2020
space-romance,Saga of the Skolian Empire,Undercity,2014
space-romance,The Imperial Broadcasts,Love Galaxy,2026
space-romance,The Kindred,The Kindred,2022
space-romance,The Rule of Luck,The Chaos of Luck,2018
space-romance,The Rule of Luck,The Rule of Luck,2017
space-romance,The Stars Too Fondly,The Stars Too Fondly,2024
space-romance,Winter's Orbit,Ocean's Echo,2022
space-romance,Winter's Orbit,Winter's Orbit,2021
space-succession-opera,Dread Empire's Fall,Conventions of War,2005
space-succession-opera,Dread Empire's Fall,Fleet Elements,2020
space-succession-opera,Dread Empire's Fall,Imperium Restored,2022
space-succession-opera,Dread Empire's Fall,The Accidental War,2018
space-succession-opera,Dread Empire's Fall,The Praxis,2002
space-succession-opera,Dread Empire's Fall,The Sundering,2003
space-succession-opera,Gene Roddenberry's Andromeda,Destruction of Illusions,2003
space-succession-opera,Gene Roddenberry's Andromeda,Paradise Drift,2005
space-succession-opera,Gene Roddenberry's Andromeda,The Attitude of Silence,2005
space-succession-opera,Gene Roddenberry's Andromeda,The Broken Places,2003
space-succession-opera,Gene Roddenberry's Andromeda,Through the Looking Glass,2005
space-succession-opera,Gene Roddenberry's Andromeda,Waystation,2004
space-succession-opera,The Imperial Radch,Ancillary Justice,2013
space-succession-opera,The Imperial Radch,Ancillary Mercy,2015
space-succession-opera,The Imperial Radch,Ancillary Sword,2014
space-succession-opera,The Imperial Radch,Translation State,2023
space-succession-opera,The Thrawn Trilogy,Dark Force Rising,1992
space-succession-opera,The Thrawn Trilogy,Heir to the Empire,1991
space-succession-opera,The Thrawn Trilogy,The Last Command,1993
space-western,Bluebird,Bluebird,2022
spaceship-drama,Acorna,Acorna: The Unicorn Girl,1997
spaceship-drama,Central Corps,Breach of Containment,2017
spaceship-drama,Central Corps,Remnants of Trust,2016
spaceship-drama,Central Corps,The Cold Between,2016
spaceship-drama,Massif,Massif,2026
spaceship-drama,The Red Scholar's Wake,The Red Scholar's Wake,2022
spaceship-drama,The Vanished Birds,The Vanished Birds,2020
spaceship-drama,Unstoppable,Dreams Bigger Than Heartbreak,2022
spaceship-drama,Unstoppable,Promises Stronger Than Darkness,2023
spaceship-drama,Unstoppable,Victories Greater Than Death,2021
spaceship-drama,Wayfarers,A Closed and Common Orbit,2016
spaceship-drama,Wayfarers,Record of a Spaceborn Few,2018
spaceship-drama,Wayfarers,"The Galaxy, and the Ground Within",2021
spaceship-drama,Wayfarers,"The Long Way to a Small, Angry Planet",2014
spytech,Cold Water,Cold Water,2022
spytech,Shadowstorm,Blades of Winter,2012
spytech,Shadowstorm,Hammer of Angels,2013
spytech,The Night Sessions,The Night Sessions,2008
spytech,Unforgettable,Unforgettable,2011
starship-mysteries,Halcyon Years,Halcyon Years,2025
starship-mysteries,Hull Zero Three,Hull Zero Three,2010
starship-mysteries,Non-Stop,Non-Stop,1958
starship-mysteries,The Dark Beyond the Stars,The Dark Beyond the Stars,1991
starship-mysteries,The Deep Sky,The Deep Sky,2023
steampunk-adventure,Gideon Smith,Gideon Smith and the Brass Dragon,2014
steampunk-adventure,Gideon Smith,Gideon Smith and the Mask of the Ripper,2015
steampunk-adventure,Gideon Smith,Gideon Smith and the Mechanical Girl,2013
steampunk-adventure,Karen Memory,Angel Maker,2025
steampunk-adventure,Karen Memory,Karen Memory,2015
steampunk-adventure,The Baskerville Affair,A Study in Ashes,2013
steampunk-adventure,The Baskerville Affair,A Study in Darkness,2013
steampunk-adventure,The Baskerville Affair,A Study in Silks,2013
steampunk-adventure,The Cinder Spires,The Aeronaut's Windlass,2015
steampunk-adventure,The Cinder Spires,The Olympian Affair,2023
steampunk-adventure,The Clockwork Dagger,The Clockwork Crown,2014
steampunk-adventure,The Clockwork Dagger,The Clockwork Dagger,2014
steampunk-history,"A Transatlantic Tunnel, Hurrah!","A Transatlantic Tunnel, Hurrah!",1972
steampunk-history,Everfair,Everfair,2016
steampunk-history,Everfair,Kinning,2024
steampunk-history,Leviathan,Behemoth,2010
steampunk-history,Leviathan,Goliath,2011
steampunk-history,Leviathan,Leviathan,2009
steampunk-history,The Clockwork Century,Boneshaker,2009
steampunk-history,The Clockwork Century,Clementine,2010
steampunk-history,The Clockwork Century,Dreadnought,2010
steampunk-history,The Clockwork Century,Fiddlehead,2013
steampunk-history,The Clockwork Century,Ganymede,2011
steampunk-history,The Clockwork Century,Inexplicables,2012
steampunk-history,The Difference Engine,The Difference Engine,1990
suburban-gothic,Fear,Fear,1940
suburban-gothic,Good Neighbors,Good Neighbors,2021
suburban-gothic,Pet,Pet,2019
successor-species,Darwin,Darwin's Children,2003
successor-species,Darwin,Darwin's Radio,1999
successor-species,Evolution,Evolution,2002
successor-species,Toward Eternity,Toward Eternity,2024
successor-species,Under the Eye of the Big Bird,Under the Eye of the Big Bird,2016
superhero-fiction,Hench,Hench,2020
superhero-fiction,Hench,Villain,2026
superhero-fiction,Only Superhuman,Only Superhuman,2012
superhero-fiction,Santa Olivia,Saints Astray,2011
superhero-fiction,Santa Olivia,Santa Olivia,2009
superhero-fiction,Starter Villain,Starter Villain,2023
surreal-afterlife,How the Dead Live,How the Dead Live,2000
surreal-afterlife,Incarnations of Immortality,And Eternity,1990
surreal-afterlife,Incarnations of Immortality,Bearing an Hourglass,1984
surreal-afterlife,Incarnations of Immortality,Being a Green Mother,1987
surreal-afterlife,Incarnations of Immortality,For Love of Evil,1988
surreal-afterlife,Incarnations of Immortality,On a Pale Horse,1983
surreal-afterlife,Incarnations of Immortality,Wielding a Red Sword,1986
surreal-afterlife,Incarnations of Immortality,With a Tangled Skein,1985
surreal-afterlife,Katabasis,Katabasis,2025
surreal-afterlife,One Year Ago in Spain,One Year Ago in Spain,2024
surreal-afterlife,Out of Body,Out of Body,2020
surreal-afterlife,Pincher Martin,Pincher Martin,1956
surreal-afterlife,Sweet Dreams,Sweet Dreams,1973
surreal-afterlife,The Leaving Room,The Leaving Room,2025
surreal-afterlife,The Third Policeman,The Third Policeman,1967
sword-and-planet,Cija / Atlantis,Atlan,1965
sword-and-planet,Cija / Atlantis,Some Summer Lands,1977
sword-and-planet,Cija / Atlantis,The City,1966
sword-and-planet,Cija / Atlantis,The Serpent,1963
sword-and-planet,Combat Command,Combat Command: Lord of Lances,2018
sword-and-planet,Glory Road,Glory Road,1963
sword-and-planet,Tales of Indrajit and Fix,Among the Gray Lords,2024
sword-and-planet,Tales of Indrajit and Fix,In the Palace of Shadow and Joy,2020
sword-and-planet,The King Must Die,The King Must Die,2025
sword-and-planet,Witch World,Witch World,1963
techno-fiction-in-space,Accelerando,Accelerando,2005
techno-fiction-in-space,Metal Trilogy,Irontown Blues,2018
techno-fiction-in-space,Metal Trilogy,Steel Beach,1992
techno-fiction-in-space,Metal Trilogy,The Golden Globe,1998
techno-fiction-in-space,Takeshi Kovacs,Altered Carbon,2002
techno-fiction-in-space,Takeshi Kovacs,Broken Angels,2003
techno-fiction-in-space,Takeshi Kovacs,Woken Furies,2005
techno-fiction-in-space,The Spare Man,The Spare Man,2022
technocrisis,Pacific Storm,Pacific Storm,2020
technocrisis,The Andromeda Strain,The Andromeda Strain,1969
technocrisis,The Return,The Return,2000
technofantasy,Bluecrowne,Bluecrowne,2014
technofantasy,Road to Ruin,Road to Ruin,2024
technofantasy,The Books of Babel,Arm of the Sphinx,2018
technofantasy,The Books of Babel,Senlin Ascends,2013
technofantasy,The Books of Babel,The Fall of Babel,2021
technofantasy,The Books of Babel,The Hod King,2019
technofantasy,The Star Thief,The Star Thief,2018
technomancy,A Voyage to Arcturus,A Voyage to Arcturus,1920
technomancy,Dead Country,Dead Country,2023
technomancy,Dead Country,Wicked Problems,2024
technomancy,Dead Hand Rule,Dead Hand Rule,2025
technomancy,The Locked Tomb,Gideon the Ninth,2019
technomancy,The Locked Tomb,Harrow the Ninth,2020
technomancy,The Locked Tomb,Nona the Ninth,2022
technomancy,The Thousand Worlds,Dragon Pearl,2019
technomancy,The Thousand Worlds,Fox Snare,2023
technomancy,The Thousand Worlds,Tiger Honor,2022
terminal-wastelands,In the Country of Last Things,In the Country of Last Things,1987
terminal-wastelands,Lost Everything,Lost Everything,2012
terminal-wastelands,Rogue Mage,Bloodring,2006
terminal-wastelands,Rogue Mage,Host,2007
terminal-wastelands,Rogue Mage,Seraphs,2007
terminal-wastelands,Shelter,Shelter,2018
terminal-wastelands,The Doloriad,The Doloriad,2022
terminal-wastelands,The Road,The Road,2006
terminal-wastelands,These Prisoning Hills,These Prisoning Hills,2022
terms-of-service,Chosen Spirits,Chosen Spirits,2020
terms-of-service,Company Town,Company Town,2016
terms-of-service,Moderation,Moderation,2025
terms-of-service,Moxyland,Moxyland,2008
terms-of-service,Rainbows End,Rainbows End,2006
terms-of-service,The City Inside,The City Inside,2022
terms-of-service,The Immortal King Rao,The Immortal King Rao,2022
terms-of-service,The Ten Percent Thief,The Ten Percent Thief,2023
terms-of-service,This Is Not the Jess Show,This Is Not the Jess Show,2021
terms-of-service,This Is Not the Jess Show,This Is Not the Real World,2022
terraforming-fiction,Mining the Oort,Mining the Oort,1992
terraforming-fiction,Plutoshine,Plutoshine,2022
terraforming-fiction,The Mars Trilogy,Blue Mars,1996
terraforming-fiction,The Mars Trilogy,Green Mars,1993
terraforming-fiction,The Mars Trilogy,Red Mars,1992
textual-trespass,Breakfast of Champions,Breakfast of Champions,1973
textual-trespass,Bury Your Gays,Bury Your Gays,2024
textual-trespass,Or What You Will,Or What You Will,2020
textual-trespass,Thursday Next,Dark Reading Matter,2026
textual-trespass,Thursday Next,First Among Sequels,2007
textual-trespass,Thursday Next,Lost in a Good Book,2002
textual-trespass,Thursday Next,One of Our Thursdays Is Missing,2011
textual-trespass,Thursday Next,Something Rotten,2004
textual-trespass,Thursday Next,The Eyre Affair,2001
textual-trespass,Thursday Next,The Well of Lost Plots,2003
textual-trespass,Thursday Next,The Woman Who Died a Lot,2012
the-comforting-dead,A Fine and Private Place,A Fine and Private Place,1960
the-comforting-dead,Cemetery Boys,Cemetery Boys,2020
the-comforting-dead,Cemetery Boys,Cemetery Boys: Espíritu,2026
the-comforting-dead,The Graveyard Book,The Graveyard Book,2008
the-comforting-dead,Under the Whispering Door,Under the Whispering Door,2021
the-reckoning-dead,A Christmas Carol,A Christmas Carol,1843
the-reckoning-dead,Beloved,Beloved,1987
the-reckoning-dead,Carol for Another Christmas,Carol for Another Christmas,2008
the-reckoning-dead,Secrets of the First School,Secrets of the First School,2025
the-reckoning-dead,The Blade Between,The Blade Between,2020
the-reckoning-dead,The Gone Away Place,The Gone Away Place,2018
the-reckoning-dead,"Thirteen Doorways, Wolves Behind Them All","Thirteen Doorways, Wolves Behind Them All",2019
theological-space-opera,A Song of Salvation,A Song of Salvation,2023
theological-space-opera,The Demon Star,The Demon Star,2026
theological-space-opera,The Genesis of Misery,The Genesis of Misery,2022
theological-space-opera,The Hyperion Cantos,Endymion,1996
theological-space-opera,The Hyperion Cantos,Hyperion,1989
theological-space-opera,The Hyperion Cantos,The Fall of Hyperion,1990
theological-space-opera,The Hyperion Cantos,The Rise of Endymion,1997
theological-space-opera,The Library of Broken Worlds,The Library of Broken Worlds,2023
theological-space-opera,The Unreasoning Mask,The Unreasoning Mask,1981
thought-experiments,Exhalation,Exhalation,2019
thought-experiments,Stories of Your Life and Others,Stories of Your Life and Others,2002
time-agency-revival,Ilium/Olympos,Ilium,2003
time-agency-revival,Ilium/Olympos,Olympos,2005
time-agency-revival,Sea of Tranquility,Sea of Tranquility,2022
time-agency-revival,The Future of Another Timeline,The Future of Another Timeline,2019
time-agency-revival,The Ministry of Time,The Ministry of Time,2024
time-agency-revival,The Paradox Hotel,The Paradox Hotel,2022
time-agency-revival,This Is How You Lose the Time War,This Is How You Lose the Time War,2019
time-agency-thrillers,For King and Country,For King and Country,2002
time-agency-thrillers,The Forever Engine,The Forever Engine,2014
time-bleeds,Darkmans,Darkmans,2007
time-bleeds,Red Shift,Red Shift,1973
time-bleeds,The Underwood Tapes,The Underwood Tapes,2025
time-crossroads,Costumes for Time Travelers,Costumes for Time Travelers,2025
time-crossroads,The White Octopus Hotel,The White Octopus Hotel,2025
time-distortion,Spin,Axis,2007
time-distortion,Spin,Spin,2005
time-distortion,Spin,Vortex,2011
time-loops,Edge of Oblivion,Edge of Oblivion,2025
time-loops,How to Live Safely in a Science Fictional Universe,How to Live Safely in a Science Fictional Universe,2010
time-loops,On the Calculation of Volume III,On the Calculation of Volume III,2025
time-loops,Opposite of Always,Opposite of Always,2019
time-loops,Replay,Replay,1987
time-loops,The Paradox Men,The Paradox Men,1953
time-loops,This Time Tomorrow,This Time Tomorrow,2022
time-magic,The Echo Archives,The Last Hour Between Worlds,2024
time-magic,The Echo Archives,The Last Soul Among Wolves,2025
time-magic,The Everlasting,The Everlasting,2025
time-tonics,Cryptozoic!,Cryptozoic!,1967
time-tonics,Where Echoes Die,Where Echoes Die,2023
time-travel-disorders,The Time Traveler's Wife,The Time Traveler's Wife,2003
time-travel-disorders,Yesterday Is History,Yesterday Is History,2021
timestranded,11/22/63,11/22/63,2011
timestranded,A Connecticut Yankee in King Arthur's Court,A Connecticut Yankee in King Arthur's Court,1889
timestranded,Lest Darkness Fall,Lest Darkness Fall,1939
timestranded,Time and Again,From Time to Time,1995
timestranded,Time and Again,Time and Again,1970
timetide,The Dream Years,The Dream Years,1985
timetide,The Time Quintet,A Swiftly Tilting Planet,1978
timetide,The Time Quintet,A Wind in the Door,1973
timetide,The Time Quintet,A Wrinkle in Time,1962
timetide,The Time Quintet,An Acceptable Time,1989
timetide,The Time Quintet,Many Waters,1986
timetide,Woman on the Edge of Time,Woman on the Edge of Time,1976
timetribe,A Time Odyssey,Firstborn,2007
timetribe,A Time Odyssey,Sunstorm,2005
timetribe,A Time Odyssey,Time's Eye,2003
timetribe,Axis of Time,Designated Targets,2005
timetribe,Axis of Time,Final Impact,2007
timetribe,Axis of Time,Weapons of Choice,2004
timetribe,The Ring of Fire,1632,2000
timetribe,The Ring of Fire,1633,2002
timetribe,The Ring of Fire,1634: The Baltic War,2007
timetribe,The Ring of Fire,1634: The Bavarian Crisis,2007
timetribe,The Ring of Fire,1634: The Galileo Affair,2004
timetribe,The Ring of Fire,1634: The Ram Rebellion,2006
timetribe,The Ring of Fire,1635: A Parcel of Rogues,2015
timetribe,The Ring of Fire,1635: The Cannon Law,2006
timetribe,The Ring of Fire,1635: The Dreeson Incident,2008
timetribe,The Ring of Fire,1635: The Eastern Front,2010
timetribe,The Ring of Fire,1635: The Papal Stakes,2012
timetribe,The Ring of Fire,1635: The Weaver's Code,2020
timetribe,The Ring of Fire,1636: Commander Cantrell in the West Indies,2014
timetribe,The Ring of Fire,1636: Mission to the Mughals,2017
timetribe,The Ring of Fire,1636: The Atlantic Encounter,2020
timetribe,The Ring of Fire,1636: The Cardinal Virtues,2015
timetribe,The Ring of Fire,1636: The China Venture,2019
timetribe,The Ring of Fire,1636: The Devil's Opera,2013
timetribe,The Ring of Fire,1636: The Kremlin Games,2012
timetribe,The Ring of Fire,1636: The Ottoman Onslaught,2016
timetribe,The Ring of Fire,1636: The Saxon Uprising,2010
timetribe,The Ring of Fire,1636: The Vatican Sanction,2017
timetribe,The Ring of Fire,1636: The Viennese Waltz,2014
timetribe,The Ring of Fire,1637: No Peace Beyond the Line,2020
timetribe,The Ring of Fire,1637: Pilgrim's Passage,2020
timetribe,The Ring of Fire,1637: The Coast of Chaos,2021
timetribe,The Ring of Fire,1637: The Peacock Throne,2020
timetribe,The Ring of Fire,1637: The Polish Maelstrom,2018
timetribe,The Ring of Fire,1637: The Transylvanian Decision,2022
timetribe,The Ring of Fire,1637: The Volga Rules,2017
timetribe,The Ring of Fire,Letters from Gronow,2018
timetribe,The Ring of Fire,The Alexander Inheritance,2017
timetribe,The Ring of Fire,The Macedonian Hazard,2020
timetribe,The Ring of Fire,The Muse of Music,2020
timetribe,The Ring of Fire,Time Spike,2007
tinderbox-fantasy,Blackheart Man,Blackheart Man,2024
tinderbox-fantasy,City of Last Chances,City of Last Chances,2022
tinderbox-fantasy,City of Last Chances,House of Open Wounds,2023
tinderbox-fantasy,Days of Shattered Faith,Days of Shattered Faith,2024
tinderbox-fantasy,Shadow Players,A Kingdom for a Stage,2019
tinderbox-fantasy,Shadow Players,For a Muse of Fire,2018
tinderbox-fantasy,Shadow Players,On This Unworthy Scaffold,2021
tinderbox-fantasy,Shattered Kingdoms,Blood's Pride,2013
tinderbox-fantasy,Shattered Kingdoms,Fortune's Blight,2015
tinderbox-fantasy,Shattered Kingdoms,Strife's Bane,2019
tinderbox-fantasy,The Blood of the Old Kings Trilogy,Blood for the Undying Throne,2025
tinderbox-fantasy,The Blood of the Old Kings Trilogy,Blood of the Old Kings,2024
tinderbox-fantasy,The Dragons of Deepwood Fen,The Dragons of Deepwood Fen,2023
told-worlds,Cosmicomics,Cosmicomics,1965
told-worlds,Invisible Cities,Invisible Cities,1972
told-worlds,The Melancholy of Untold History,The Melancholy of Untold History,2024
transporting-tomes,Long Live Evil,Long Live Evil,2024
transporting-tomes,Maggie the Undying,This Kingdom Will Not Kill Me,2026
transporting-tomes,Silverlock,Silverlock,1949
transporting-tomes,The Cartographers,The Cartographers,2022
transporting-tomes,The Neverending Story,The Neverending Story,1979
transporting-tomes,The Starless Sea,The Starless Sea,2019
tudorbethan-fantasy,Lolly Willowes,Lolly Willowes,1926
tudorbethan-fantasy,Wild and Wicked Things,Wild and Wicked Things,2023
undying,Make Me a Monster,Make Me a Monster,2025
undying,Once Was Willem,Once Was Willem,2025
undying,The Case of Charles Dexter Ward,The Case of Charles Dexter Ward,1927
undying,The Hundred Loves of Juliet,The Hundred Loves of Juliet,2023
undying,Tide of Stone,Tide of Stone,2018
unfinished-business,Compound Fracture,Compound Fracture,2024
unfinished-business,Fellside,Fellside,2016
unfinished-business,The Things She’s Seen,The Things She’s Seen,2019
unholy-halls,Extended Stay,Extended Stay,2023
unholy-halls,Flawless Girls,Flawless Girls,2024
unholy-halls,Mercy House,Mercy House,2015
unholy-halls,Old House of Fear,Old House of Fear,1961
unholy-halls,The Citadel of Fear,The Citadel of Fear,1918
unholy-halls,The Invisible Hotel,The Invisible Hotel,2024
unholy-halls,The Library at Hellebore,The Library at Hellebore,2025
unknown-catastrophe,Dhalgren,Dhalgren,1975
unknown-catastrophe,Girlfriend in a Coma,Girlfriend in a Coma,1998
unknown-catastrophe,The Apocalypse Seven,The Apocalypse Seven,2021
unknown-catastrophe,The Day of the Triffids,The Day of the Triffids,1951
unmoored-selves,Love and Other Thought Experiments,Love and Other Thought Experiments,2020
unmoored-selves,The Atrocity Exhibition,The Atrocity Exhibition,1970
unmoored-selves,The Candy House,The Candy House,2022
unmoored-selves,The Glamour,The Glamour,1984
unmoored-selves,Till Human Voices Wake Us,Till Human Voices Wake Us,2007
unmoored-selves,Time's Arrow,Time's Arrow,1991
untold-magic,The Embroidered Book,The Embroidered Book,2022
untold-magic,The Once and Future Witches,The Once and Future Witches,2020
untold-magic,The Water Dancer,The Water Dancer,2019
usurper-fantasy,The City of Silk and Steel,The City of Silk and Steel,2013
usurper-fantasy,The Eidyn Saga,The Bitter Crown,2022
usurper-fantasy,The Eidyn Saga,The Damned King,2023
usurper-fantasy,The Eidyn Saga,The Lost War,2020
usurper-fantasy,Watchtower,Watchtower,1979
vampire-fringe,The Book Eaters,The Book Eaters,2022
vampire-fringe,The Pallbearers Club,The Pallbearers Club,2022
vampire-hunt,'Salem's Lot,'Salem's Lot,1975
vampire-hunt,Dracula,Dracula,1897
vampire-hunt,Prisoner of Midnight,Prisoner of Midnight,2019
vampire-hunt,The Southern Book Club's Guide to Slaying Vampires,The Southern Book Club's Guide to Slaying Vampires,2020
vengeance-torment,Don't Fear the Reaper,Don't Fear the Reaper,2023
vengeance-torment,Don't Fear the Reaper,My Heart Is a Chainsaw,2021
vengeance-torment,Don't Fear the Reaper,The Angel of Indian Lake,2024
vengeance-torment,I Am the River,I Am the River,2018
vengeance-torment,Light as a Feather,"Light as a Feather, Stiff as a Board",2013
vengeance-torment,Small Town Horror,Small Town Horror,2024
vengeance-torment,Someone Like Me,Someone Like Me,2018
vengeance-torment,Soul Eater,Soul Eater,1983
vengeance-torment,The Bridge,The Bridge,2021
vengeance-torment,The Only Good Indians,The Only Good Indians,2020
vengeance-torment,Womb City,Womb City,2024
vengeance-war-fantasy,Birth of a Dynasty,Birth of a Dynasty,2025
vengeful-spirits,Hidden Pictures,Hidden Pictures,2022
vengeful-spirits,Melmoth,Melmoth,2018
vengeful-spirits,Motherthing,Motherthing,2022
vengeful-spirits,Sisters,Sisters,2020
vengeful-spirits,The City Beautiful,The City Beautiful,2021
vengeful-spirits,The Executioners Three,The Executioners Three,2025
vengeful-spirits,The Haunting of Alejandra,The Haunting of Alejandra,2023
vengeful-spirits,The Influence,The Influence,1988
viking-fantasy,The Broken Sword,The Broken Sword,1954
viking-fantasy,The Last Light of the Sun,The Last Light of the Sun,2004
viking-fantasy,The Weaver and the Witch Queen,The Weaver and the Witch Queen,2023
visionary-minds,Black Brane,Black Brane,2025
visionary-minds,Briefing for a Descent Into Hell,Briefing for a Descent Into Hell,1971
visionary-minds,City at the End of Time,City at the End of Time,2008
visionary-minds,Martian Time-Slip,Martian Time-Slip,1964
visionary-minds,Miracle Visitors,Miracle Visitors,1978
visionary-minds,The Insult,The Insult,1996
visionary-minds,The Memoirs of a Survivor,The Memoirs of a Survivor,1974
visionary-minds,The White Hotel,The White Hotel,1981
visionary-thresholds,Lilith,Lilith,1895
visionary-thresholds,Piranesi,Piranesi,2020
visionary-thresholds,The Coming Race,The Coming Race,1871
visionary-thresholds,The Green Child,The Green Child,1935
visionary-thresholds,The Haunted Woman,The Haunted Woman,1922
voyage-societies,Calypso,Calypso,2024
voyage-societies,Escaping Exodus,Escaping Exodus,2019
voyage-societies,Escaping Exodus,Escaping Exodus: Symbiosis,2021
voyage-societies,Jacob's Ladder,Chill,2010
voyage-societies,Jacob's Ladder,Dust,2007
voyage-societies,Jacob's Ladder,Grail,2011
voyage-societies,Rite of Passage,Rite of Passage,1968
voyage-societies,Slow Train to Arcturus,Slow Train to Arcturus,2008
voyage-societies,The Ark,Exodus: The Ark,2009
voyage-societies,The Ark,Genesis: The Ark,2007
voyage-societies,The Medusa Cycle,Medusa Uploaded,2018
voyage-societies,The Medusa Cycle,Medusa in the Graveyard,2019
wainscot-fantasy,The Ballad of Perilous Graves,The Ballad of Perilous Graves,2022
wainscot-fantasy,The Black Market,The Black Market,2025
wainscot-fantasy,The Secret Market of the Dead,The Secret Market of the Dead,2025
army-fantasy,Malazan Book of the Fallen,Deadhouse Gates,2000
army-fantasy,Malazan Book of the Fallen,Dust of Dreams,2009
army-fantasy,Malazan Book of the Fallen,Gardens of the Moon,1999
army-fantasy,Malazan Book of the Fallen,House of Chains,2002
army-fantasy,Malazan Book of the Fallen,Memories of Ice,2001
army-fantasy,Malazan Book of the Fallen,Midnight Tides,2004
army-fantasy,Malazan Book of the Fallen,Reaper's Gale,2007
army-fantasy,Malazan Book of the Fallen,The Bonehunters,2006
army-fantasy,Malazan Book of the Fallen,The Crippled God,2011
army-fantasy,Malazan Book of the Fallen,Toll the Hounds,2008
army-fantasy,Siege trilogy,A Practical Guide to Conquering the World,2022
army-fantasy,Siege trilogy,How to Rule an Empire and Get Away with It,2020
army-fantasy,Siege trilogy,Sixteen Ways to Defend a Walled City,2019
army-fantasy,The Ascendant Kingdoms Saga,Ice Forged,2013
army-fantasy,The Ascendant Kingdoms Saga,Reign of Ash,2014
army-fantasy,The Ascendant Kingdoms Saga,Shadow and Flame,2016
army-fantasy,The Ascendant Kingdoms Saga,War of Shadows,2015
army-fantasy,The Ascendant Trilogy,The Phoenix Empress,2018
army-fantasy,The Ascendant Trilogy,The Tiger's Daughter,2017
army-fantasy,The Ascendant Trilogy,The Warrior Moon,2019
army-fantasy,The First Law,A Little Hatred,2019
army-fantasy,The First Law,Before They Are Hanged,2007
army-fantasy,The First Law,Best Served Cold,2009
army-fantasy,The First Law,Last Argument of Kings,2008
army-fantasy,The First Law,Red Country,2012
army-fantasy,The First Law,The Blade Itself,2006
army-fantasy,The First Law,The Heroes,2011
army-fantasy,The First Law,The Trouble with Peace,2020
army-fantasy,The First Law,The Wisdom of Crowds,2021
army-fantasy,The Seer King,The Demon King,1998
army-fantasy,The Seer King,The Seer King,1997
army-fantasy,The Seer King,The Warrior King,1999
army-fantasy,Under the Northern Sky,The Spider,2019
army-fantasy,Under the Northern Sky,The Wolf,2018
army-fantasy,Wake the Dragon,Gods and Dragons,2022
army-fantasy,Wake the Dragon,Spine of the Dragon,2019
army-fantasy,Wake the Dragon,Vengewar,2021
war-gothic,Frankenstein in Baghdad,Frankenstein in Baghdad,2013
war-insurgents,Phoenix Extravagant,Phoenix Extravagant,2020
war-insurgents,The Unbroken,The Faithless,2023
war-insurgents,The Unbroken,The Sovereign,2025
war-insurgents,The Unbroken,The Unbroken,2021
warrior-hero,Drenai Saga,Hero in the Shadows,
warrior-hero,Drenai Saga,Legend,
warrior-hero,Drenai Saga,Quest for Lost Heroes,
warrior-hero,Drenai Saga,The First Chronicles of Druss the Legend,
warrior-hero,Drenai Saga,The King Beyond the Gate,
warrior-hero,Drenai Saga,The Legend of Deathwalker,
warrior-hero,Drenai Saga,The Swords of Night and Day,
warrior-hero,Drenai Saga,Waylander,
warrior-hero,Drenai Saga,Waylander II: In the Realm of the Wolf,
warrior-hero,Drenai Saga,White Wolf,
warrior-hero,Drenai Saga,Winter Warriors,
warrior-hero,Godkiller,Godkiller,2023
warrior-hero,Graceling Realm,Bitterblue,2012
warrior-hero,Graceling Realm,Fire,2009
warrior-hero,Graceling Realm,Graceling,2008
warrior-hero,Graceling Realm,Seasparrow,2022
warrior-hero,Graceling Realm,Winterkeep,2021
warrior-hero,Jirel of Joiry,Jirel of Joiry,1934
warrior-hero,The Burning,The Fires of Vengeance,2020
warrior-hero,The Burning,The Rage of Dragons,2017
warrior-hero,The Forsaken Trilogy,Gods of the Wyrdwood,2023
warrior-hero,The Forsaken Trilogy,Heart of the Wyrdwood,2025
warrior-hero,The Forsaken Trilogy,Warlords of Wyrdwood,2024
warrior-hero,The Well of the Unicorn,The Well of the Unicorn,1948
warrior-hero,The Worm Ouroboros,The Worm Ouroboros,1922
weird-west-fantasy,Golgotha,The Queen of Swords,2017
weird-west-fantasy,Golgotha,The Shotgun Arcana,2014
weird-west-fantasy,Red Waters Rising,Red Waters Rising,2018
weird-west-fantasy,Territory,Territory,2007
weird-west-fantasy,The Buffalo Hunter Hunter,The Buffalo Hunter Hunter,2025
weird-west-fantasy,The Half-Made World,The Half-Made World,2010
weird-west-fantasy,The Half-Made World,The Rise of Ransom City,2012
weird-west-fantasy,The Hunger,The Hunger,2018
weird-west-fantasy,The Shadow,Conspiracy of Ravens,2016
weird-west-fantasy,The Shadow,Malice of Crows,2017
weird-west-fantasy,The Shadow,Treason of Hawks,2018
weird-west-fantasy,The Shadow,Wake of Vultures,2015
weird-west-fantasy,The Silverberg Business,The Silverberg Business,2022
weird-west-fantasy,Vampires of El Norte,Vampires of El Norte,2023
werewolf-fantasy,Jessica McClain,Cold Blooded,2013
werewolf-fantasy,Jessica McClain,Full Blooded,2012
werewolf-fantasy,Jessica McClain,Hot Blooded,2013
werewolf-fantasy,Jessica McClain,Pure Blooded,2015
werewolf-fantasy,Jessica McClain,Red Blooded,2014
werewolf-fantasy,Mercy Thompson,Blood Bound,2007
werewolf-fantasy,Mercy Thompson,Bone Crossed,2009
werewolf-fantasy,Mercy Thompson,Burn Bright,2018
werewolf-fantasy,Mercy Thompson,Cry Wolf,2008
werewolf-fantasy,Mercy Thompson,Dead Heat,2015
werewolf-fantasy,Mercy Thompson,Fair Game,2012
werewolf-fantasy,Mercy Thompson,Fire Touched,2016
werewolf-fantasy,Mercy Thompson,Frost Burned,2013
werewolf-fantasy,Mercy Thompson,Hunting Ground,2009
werewolf-fantasy,Mercy Thompson,Iron Kissed,2008
werewolf-fantasy,Mercy Thompson,Moon Called,2006
werewolf-fantasy,Mercy Thompson,Night Broken,2014
werewolf-fantasy,Mercy Thompson,River Marked,2011
werewolf-fantasy,Mercy Thompson,Silence Fallen,2017
werewolf-fantasy,Mercy Thompson,Silver Borne,2010
werewolf-fantasy,Mercy Thompson,Smoke Bitten,2020
werewolf-fantasy,Mercy Thompson,Soul Taken,2022
werewolf-fantasy,Mercy Thompson,Storm Cursed,2019
werewolf-fantasy,Mercy Thompson,Wild Sign,2021
werewolf-fantasy,Mercy Thompson,Winter Lost,2024
werewolf-fantasy,Tails From the Alpha Art Gallery,Love Binds,
werewolf-fantasy,Tails From the Alpha Art Gallery,Love Bites,
werewolf-fantasy,Tails From the Alpha Art Gallery,Love Lies,
werewolf-fantasy,Tails From the Alpha Art Gallery,Love Lost,
werewolf-fantasy,Tails From the Alpha Art Gallery,Love Sucks,
werewolf-fantasy,The Transition,The Transition,2025
werewolf-fantasy,The Wolf and His King,The Wolf and His King,2025
whimsical-doors,A Peculiar Peril,A Peculiar Peril,2020
whimsical-doors,Alice in Wonderland,Alice's Adventures in Wonderland,1865
whimsical-doors,Alice in Wonderland,Through the Looking-Glass,1871
whimsical-doors,Bonnie Bailey and the Faire of Worlds,Bonnie Bailey and the Faire of Worlds,2025
whimsical-doors,Oz,Dorothy and the Wizard in Oz,1908
whimsical-doors,Oz,Glinda of Oz,1920
whimsical-doors,Oz,Ozma of Oz,1907
whimsical-doors,Oz,Rinkitink in Oz,1916
whimsical-doors,Oz,The Emerald City of Oz,1910
whimsical-doors,Oz,The Lost Princess of Oz,1917
whimsical-doors,Oz,The Magic of Oz,1919
whimsical-doors,Oz,The Marvelous Land of Oz,1904
whimsical-doors,Oz,The Patchwork Girl of Oz,1913
whimsical-doors,Oz,The Road to Oz,1909
whimsical-doors,Oz,The Scarecrow of Oz,1915
whimsical-doors,Oz,The Tin Woodman of Oz,1918
whimsical-doors,Oz,The Wonderful Wizard of Oz,1900
whimsical-doors,Oz,Tik-Tok of Oz,1914
whimsical-doors,Peter Pan,Peter Pan,1911
whimsical-doors,The Chronicles of Narnia,Prince Caspian,1951
whimsical-doors,The Chronicles of Narnia,The Horse and His Boy,1954
whimsical-doors,The Chronicles of Narnia,The Last Battle,1956
whimsical-doors,The Chronicles of Narnia,"The Lion, the Witch and the Wardrobe",1950
whimsical-doors,The Chronicles of Narnia,The Magician's Nephew,1955
whimsical-doors,The Chronicles of Narnia,The Silver Chair,1953
whimsical-doors,The Chronicles of Narnia,The Voyage of the Dawn Treader,1952
whimsical-doors,The Phantom Tollbooth,The Phantom Tollbooth,1961
whimsical-doors,The Up-and-Under,Along the Saltwise Sea,2021
whimsical-doors,The Up-and-Under,Into the Windwracked Wilds,2022
whimsical-doors,The Up-and-Under,Over the Woodward Wall,2020
whimsical-doors,The Up-and-Under,Under the Smokestrewn Sky,2023
wicked-wishes,All the Murmuring Bones,All the Murmuring Bones,2021
wicked-wishes,Gwendy's Final Task,Gwendy's Final Task,2022
wicked-wishes,Something Wicked This Way Comes,Something Wicked This Way Comes,1962
wicked-wishes,The Invisible Life of Addie LaRue,The Invisible Life of Addie LaRue,2020
wicked-wishes,The Picture of Dorian Gray,The Picture of Dorian Gray,1890
wild-ruins,"After London; or, Wild England","After London; or, Wild England",1885
wild-ruins,Davy,Davy,1964
wild-ruins,Goliath,Goliath,2022
wild-ruins,Heroes and Villains,Heroes and Villains,1969
wild-ruins,Seafire,Seafire,2018
wild-ruins,Seafire,Steel Tide,2019
wild-ruins,Seafire,Stormbreak,2021
wildblood,Aunt Tigress,Aunt Tigress,2025
wildblood,"From Dust, a Flame","From Dust, a Flame",2022
wildblood,Only a Monster,Only a Monster,2022
wildblood,The Jumbies,Rise of the Jumbies,2017
wildblood,The Jumbies,The Jumbie God's Revenge,2019
wildblood,The Jumbies,The Jumbies,2015
wildblood,They Bloom at Night,They Bloom at Night,2025
witchblood,Among Others,Among Others,2011
witchblood,Spells to Forget Us,Spells to Forget Us,2024
witchblood,Windy City Magic,The Fairest Kind of Love,2019
world-bleeds,The Last Storm,The Last Storm,2022
world-models,Inverted World,Inverted World,1974
world-models,Manifold,Manifold: Origin,2001
world-models,Manifold,Manifold: Space,2000
world-models,Manifold,Manifold: Time,1999
world-models,Scale,Scale,2023
world-models,Tau Zero,Tau Zero,1970
world-models,The Gods Themselves,The Gods Themselves,1972
wreck-delving,Dead Silence,Dead Silence,2022
wreck-delving,Embers of War,Embers of War,2018
wreck-delving,Embers of War,Fleet of Knives,2019
wreck-delving,Embers of War,Light of Impossible Stars,2020
wreck-delving,White Space,Ancestral Night,2019
wreck-delving,White Space,Machine,2020
wreck-delving,White Space,The Folded Sky,2025
written-worlds,Galaxies,Galaxies,1975
written-worlds,Labyrinths,Labyrinths,1962
written-worlds,Metallic Realms,Metallic Realms,2025
written-worlds,The Book Censor’s Library,The Book Censor’s Library,2024
written-worlds,The Circumference of the World,The Circumference of the World,2023
written-worlds,The Cornelius Quartet,A Cure for Cancer,1971
written-worlds,The Cornelius Quartet,The Condition of Muzak,1977
written-worlds,The Cornelius Quartet,The English Assassin,1972
written-worlds,The Cornelius Quartet,The Final Programme,1968
written-worlds,The Land of Laughs,The Land of Laughs,1980
written-worlds,Three Eight One,Three Eight One,2024
written-worlds,Unlanguage,Unlanguage,2018
wuxia,The War Arts Saga,The Art of Destiny,2023
wuxia,The War Arts Saga,The Art of Prophecy,2022
wuxia,The Water Outlaws,The Water Outlaws,2023
wwi-fantasy,Dry Land,Dry Land,2023
wwi-fantasy,The Warm Hands of Ghosts,The Warm Hands of Ghosts,2024
wwii-fantasy,The Fervor,The Fervor,2022
wwii-fantasy,The Tapestry of Time,The Tapestry of Time,2024
xenanthropology,A Mirror for Observers,A Mirror for Observers,1954
xenanthropology,Beautyland,Beautyland,2024
xenanthropology,Hard to Be a God,Hard to Be a God,1964
xenanthropology,Pallahaxi,"Hello Summer, Goodbye",1975
xenanthropology,Pallahaxi,I Remember Pallahaxi,2007
xenanthropology,Planet of the Apes,Planet of the Apes,1963
xenanthropology,Strangers,Strangers,1978
xenanthropology,Transfigurations,Transfigurations,1979
xenolinguistics,Babel-17,Babel-17,1966
xenolinguistics,Foreigner,Betrayer,2011
xenolinguistics,Foreigner,Conspirator,2009
xenolinguistics,Foreigner,Convergence,2017
xenolinguistics,Foreigner,Deceiver,2010
xenolinguistics,Foreigner,Defender,2001
xenolinguistics,Foreigner,Defiance,2023
xenolinguistics,Foreigner,Deliverer,2007
xenolinguistics,Foreigner,Destroyer,2005
xenolinguistics,Foreigner,Divergence,2020
xenolinguistics,Foreigner,Emergence,2018
xenolinguistics,Foreigner,Explorer,2002
xenolinguistics,Foreigner,Foreigner,1994
xenolinguistics,Foreigner,Inheritor,1996
xenolinguistics,Foreigner,Intruder,2012
xenolinguistics,Foreigner,Invader,1995
xenolinguistics,Foreigner,Peacemaker,2014
xenolinguistics,Foreigner,Precursor,1999
xenolinguistics,Foreigner,Pretender,2005
xenolinguistics,Foreigner,Protector,2013
xenolinguistics,Foreigner,Resurgence,2020
xenolinguistics,Foreigner,Tracker,2015
xenolinguistics,Foreigner,Visitor,2016
xenolinguistics,Stranger in a Strange Land,Stranger in a Strange Land,1961
xenolinguistics,The Mountain in the Sea,The Mountain in the Sea,2022
xuanhuan,Under Heaven,Under Heaven,2010
zombie-apocalypse,Brains,Brains: A Zombie Memoir,2010
zombie-apocalypse,Manhunt,Manhunt,2022
zombie-apocalypse,Severance,Severance,2018
zombie-apocalypse,Survivor Song,Survivor Song,2020
zombie-apocalypse,The Girl With All the Gifts,The Boy on the Bridge,2017
zombie-apocalypse,The Girl With All the Gifts,The Girl With All the Gifts,2014
zombie-apocalypse,World War Z,World War Z,2006
